Workbook

Sheet 02-03-01
A1: Id | B1: Code | C1: Name | D1: Installing | E1: Commissioning | F1: Decommissioning | G1: Status | H1: Structure | I1: SQL Insert Request
A2: F_00 | B2: F_01 | C2: F_02 | D2: F_03 | E2: F_04 | F2: F_05 | G2: F_06 | H2: F_07 | I2: INSERT INTO T_02_03_01 (F_00, F_01, F_02, F_03, F_04, F_05, F_06, F_07) VALUES
A3: 1 | B3: ONET-DD | C3: Terminal d\'Exportation Terrestre Deb Deb | D3: 38426 | E3: 39406 | F3: NULL | G3: 1 | H3: 10 | I3: =CONCATENATE("(",A3,",'",B3,"','",C3,"','",TEXT(D3,"aaaa-mm-jj"),"','",TEXT(E3,"aaaa-mm-jj"),"',",F3,",",G3,",",H3,"),") -> (1,'ONET-DD','Terminal d\'Exportation Terrestre Deb Deb','2005-03-15','2007-11-20',NULL,1,10),
A4: 2 | B4: ONET-OSS | C4: Terminal d\'Exportation Terrestre Oued Saf Saf | D4: 39609 | E4: 40436 | F4: NULL | G4: 1 | H4: 10 | I4: =CONCATENATE("(",A4,",'",B4,"','",C4,"','",TEXT(D4,"aaaa-mm-jj"),"','",TEXT(E4,"aaaa-mm-jj"),"',",F4,",",G4,",",H4,"),") -> (2,'ONET-OSS','Terminal d\'Exportation Terrestre Oued Saf Saf','Tuesday-06-jj','Wednesday-09-jj',NULL,1,10),
A5: 3 | B5: ONET-BS | C5: Terminal d\'Exportation Terrestre Beni Saf | D5: 38827 | E5: 39792 | F5: NULL | G5: 1 | H5: 10 | I5: =CONCATENATE("(",A5,",'",B5,"','",C5,"','",TEXT(D5,"aaaa-mm-jj"),"','",TEXT(E5,"aaaa-mm-jj"),"',",F5,",",G5,",",H5,"),") -> (3,'ONET-BS','Terminal d\'Exportation Terrestre Beni Saf','Thursday-04-jj','Wednesday-12-jj',NULL,1,10),
A6: 4 | B6: ONET-KL | C6: Terminal d\'Exportation Terrestre El Kala | D6: 40909 | E6: 40909 | F6: NULL | G6: 1 | H6: 10 | I6: =CONCATENATE("(",A6,",'",B6,"','",C6,"','",TEXT(D6,"aaaa-mm-jj"),"','",TEXT(E6,"aaaa-mm-jj"),"',",F6,",",G6,",",H6,"),") -> (4,'ONET-KL','Terminal d\'Exportation Terrestre El Kala','Sunday-01-jj','Sunday-01-jj',NULL,1,10),
A7: 5 | B7: DZAZW | C7: Terminal d\'Exportation Maritime Arzew | D7: 28505 | E7: 29757 | F7: NULL | G7: 1 | H7: 10 | I7: =CONCATENATE("(",A7,",'",B7,"','",C7,"','",TEXT(D7,"aaaa-mm-jj"),"','",TEXT(E7,"aaaa-mm-jj"),"',",F7,",",G7,",",H7,"),") -> (5,'DZAZW','Terminal d\'Exportation Maritime Arzew','1978-01-15','1981-06-20',NULL,1,10),
A8: 6 | B8: DZSKI | C8: Terminal d\'Exportation Maritime Skikda | D8: 26368 | E8: 27662 | F8: NULL | G8: 1 | H8: 10 | I8: =CONCATENATE("(",A8,",'",B8,"','",C8,"','",TEXT(D8,"aaaa-mm-jj"),"','",TEXT(E8,"aaaa-mm-jj"),"',",F8,",",G8,",",H8,"),") -> (6,'DZSKI','Terminal d\'Exportation Maritime Skikda','1972-03-10','1975-09-25',NULL,1,10),
A9: 7 | B9: DZBJA | C9: Terminal d\'Exportation Maritime Bejaia | D9: 35927 | E9: 36968 | F9: NULL | G9: 1 | H9: 10 | I9: =CONCATENATE("(",A9,",'",B9,"','",C9,"','",TEXT(D9,"aaaa-mm-jj"),"','",TEXT(E9,"aaaa-mm-jj"),"',",F9,",",G9,",",H9,"),") -> (7,'DZBJA','Terminal d\'Exportation Maritime Bejaia','1998-05-12','2001-03-18',NULL,1,10),
A10: 8 | B10: CDHL | C10: Terminal de Distribution CDHL | D10: 37660 | E10: 38640 | F10: NULL | G10: 1 | H10: 10 | I10: =CONCATENATE("(",A10,",'",B10,"','",C10,"','",TEXT(D10,"aaaa-mm-jj"),"','",TEXT(E10,"aaaa-mm-jj"),"',",F10,",",G10,",",H10,"),") -> (8,'CDHL','Terminal de Distribution CDHL','2003-02-08','2005-10-15',NULL,1,10),
A11: 9 | B11: CNDG | C11: Terminal de Distribution CNDG | D11: 38188 | E11: 39051 | F11: NULL | G11: 1 | H11: 10 | I11: =CONCATENATE("(",A11,",'",B11,"','",C11,"','",TEXT(D11,"aaaa-mm-jj"),"','",TEXT(E11,"aaaa-mm-jj"),"',",F11,",",G11,",",H11,"),") -> (9,'CNDG','Terminal de Distribution CNDG','2004-07-20','2006-11-30',NULL,1,10),
A12: 10 | B12: DT-MED | C12: Terminal de Distribution Medjedel | D12: 39340 | E12: 40047 | F12: NULL | G12: 1 | H12: 10 | I12: =CONCATENATE("(",A12,",'",B12,"','",C12,"','",TEXT(D12,"aaaa-mm-jj"),"','",TEXT(E12,"aaaa-mm-jj"),"',",F12,",",G12,",",H12,"),") -> (10,'DT-MED','Terminal de Distribution Medjedel','Saturday-09-jj','Saturday-08-jj',NULL,1,10),
A13: 11 | B13: DT-MSL | C13: Terminal de Distribution M\'Sila | D13: 39556 | E13: 40371 | F13: NULL | G13: 1 | H13: 10 | I13: =CONCATENATE("(",A13,",'",B13,"','",C13,"','",TEXT(D13,"aaaa-mm-jj"),"','",TEXT(E13,"aaaa-mm-jj"),"',",F13,",",G13,",",H13,"),") -> (11,'DT-MSL','Terminal de Distribution M\'Sila','2008-04-18','2010-07-12',NULL,1,10),
A14: 12 | B14: DT-DJM | C14: Terminal de Distribution SP1 Bis Djamaa | D14: 40122 | E14: 40719 | F14: NULL | G14: 1 | H14: 10 | I14: =CONCATENATE("(",A14,",'",B14,"','",C14,"','",TEXT(D14,"aaaa-mm-jj"),"','",TEXT(E14,"aaaa-mm-jj"),"',",F14,",",G14,",",H14,"),") -> (12,'DT-DJM','Terminal de Distribution SP1 Bis Djamaa','2009-11-05','2011-06-25',NULL,1,10),
... A17: 15 | B17: TT-BNM | C17: Terminal de Transfert Beni Mensour | D17: 40683 | E17: 41593 | F17: NULL | G17: 1 | H17: 10 | I17: =CONCATENATE("(",A17,",'",B17,"','",C17,"','",TEXT(D17,"aaaa-mm-jj"),"','",TEXT(E17,"aaaa-mm-jj"),"',",F17,",",G17,",",H17,"),") -> (15,'TT-BNM','Terminal de Transfert Beni Mensour','2011-05-20','2013-11-15',NULL,1,10),
B18: TT-HRM | C18: Terminal de Transfert Hassi R'Mel
A19: 16 | B19: TT-HMD | C19: Terminal de Transfert Hassi Messaoud | D19: 37478 | E19: 38341 | F19: NULL | G19: 1 | H19: 10 | I19: =CONCATENATE("(",A19,",'",B19,"','",C19,"','",TEXT(D19,"aaaa-mm-jj"),"','",TEXT(E19,"aaaa-mm-jj"),"',",F19,",",G19,",",H19,"),") -> (16,'TT-HMD','Terminal de Transfert Hassi Messaoud','Saturday-08-jj','Monday-12-jj',NULL,1,10),
A20: 17 | B20: PT-MSD | C20: Terminal de Transfert Mesdar | D20: 38518 | E20: 39385 | F20: NULL | G20: 1 | H20: 10 | I20: =CONCATENATE("(",A20,",'",B20,"','",C20,"','",TEXT(D20,"aaaa-mm-jj"),"','",TEXT(E20,"aaaa-mm-jj"),"',",F20,",",G20,",",H20,"),") -> (17,'PT-MSD','Terminal de Transfert Mesdar','Wednesday-06-jj','Tuesday-10-jj',NULL,1,10),
A21: 18 | B21: TT-OHT | C21: Terminal de Transfert Ohanet | D21: 38982 | E21: 39678 | F21: NULL | G21: 1 | H21: 10 | I21: =CONCATENATE("(",A21,",'",B21,"','",C21,"','",TEXT(D21,"aaaa-mm-jj"),"','",TEXT(E21,"aaaa-mm-jj"),"',",F21,",",G21,",",H21,"),") -> (18,'TT-OHT','Terminal de Transfert Ohanet','Friday-09-jj','Monday-08-jj',NULL,1,10),
A22: 19 | B22: TT-137 | C22: Terminal de Transfert PC1/PK137 | D22: 39421 | E22: 40014 | F22: NULL | G22: 1 | H22: 10 | I22: =CONCATENATE("(",A22,",'",B22,"','",C22,"','",TEXT(D22,"aaaa-mm-jj"),"','",TEXT(E22,"aaaa-mm-jj"),"',",F22,",",G22,",",H22,"),") -> (19,'TT-137','Terminal de Transfert PC1/PK137','2007-12-05','2009-07-20',NULL,1,10),
A23: 20 | B23: TT-RDN | C23: Terminal de Transfert Rhoude Nouss | D23: 39525 | E23: 40323 | F23: NULL | G23: 1 | H23: 10 | I23: =CONCATENATE("(",A23,",'",B23,"','",C23,"','",TEXT(D23,"aaaa-mm-jj"),"','",TEXT(E23,"aaaa-mm-jj"),"',",F23,",",G23,",",H23,"),") -> (20,'TT-RDN','Terminal de Transfert Rhoude Nouss','Tuesday-03-jj','Tuesday-05-jj',NULL,1,10),
A24: 21 | B24: PT-ALG | C24: Terminal de Pipeline Alger | D24: 34709 | E24: 35688 | F24: NULL | G24: 1 | H24: 10 | I24: =CONCATENATE("(",A24,",'",B24,"','",C24,"','",TEXT(D24,"aaaa-mm-jj"),"','",TEXT(E24,"aaaa-mm-jj"),"',",F24,",",G24,",",H24,"),") -> (21,'PT-ALG','Terminal de Pipeline Alger','1995-01-10','1997-09-15',NULL,1,10),
A25: 22 | B25: PT-ALR | C25: Terminal de Pipeline Alrar | D25: 35907 | E25: 36860 | F25: NULL | G25: 1 | H25: 10 | I25: =CONCATENATE("(",A25,",'",B25,"','",C25,"','",TEXT(D25,"aaaa-mm-jj"),"','",TEXT(E25,"aaaa-mm-jj"),"',",F25,",",G25,",",H25,"),") -> (22,'PT-ALR','Terminal de Pipeline Alrar','Wednesday-04-jj','Thursday-11-jj',NULL,1,10),
A26: 23 | B26: PT-ARZ | C26: Terminal de Pipeline Arzew | D26: 29387 | E26: 30375 | F26: NULL | G26: 1 | H26: 10 | I26: =CONCATENATE("(",A26,",'",B26,"','",C26,"','",TEXT(D26,"aaaa-mm-jj"),"','",TEXT(E26,"aaaa-mm-jj"),"',",F26,",",G26,",",H26,"),") -> (23,'PT-ARZ','Terminal de Pipeline Arzew','Sunday-06-jj','Monday-02-jj',NULL,1,10),
B27: PT-AEB | C27: Terminal de Pipeline Ain El Bya
B28: PT-BTA | C28: Terminal de Pipeline Bethioua
A29: 24 | B29: PT-BJA | C29: Terminal de Pipeline Bejaia | D29: 35662 | E29: 36504 | F29: NULL | G29: 1 | H29: 10 | I29: =CONCATENATE("(",A29,",'",B29,"','",C29,"','",TEXT(D29,"aaaa-mm-jj"),"','",TEXT(E29,"aaaa-mm-jj"),"',",F29,",",G29,",",H29,"),") -> (24,'PT-BJA','Terminal de Pipeline Bejaia','Wednesday-08-jj','Friday-12-jj',NULL,1,10),
A30: 25 | B30: PT-BRN | C30: Terminal de Pipeline Bir Rebaa North | D30: 36965 | E30: 37827 | F30: NULL | G30: 1 | H30: 10 | I30: =CONCATENATE("(",A30,",'",B30,"','",C30,"','",TEXT(D30,"aaaa-mm-jj"),"','",TEXT(E30,"aaaa-mm-jj"),"',",F30,",",G30,",",H30,"),") -> (25,'PT-BRN','Terminal de Pipeline Bir Rebaa North','2001-03-15','2003-07-25',NULL,1,10),
A31: 26 | B31: PT-BMN | C31: Terminal de Pipeline Bordj Menaiel | D31: 35377 | E31: 36029 | F31: NULL | G31: 1 | H31: 10 | I31: =CONCATENATE("(",A31,",'",B31,"','",C31,"','",TEXT(D31,"aaaa-mm-jj"),"','",TEXT(E31,"aaaa-mm-jj"),"',",F31,",",G31,",",H31,"),") -> (26,'PT-BMN','Terminal de Pipeline Bordj Menaiel','Friday-11-jj','Saturday-08-jj',NULL,1,10),
A32: 27 | B32: PT-BRM | C32: Terminal de Pipeline El Borma | D32: 36658 | E32: 37547 | F32: NULL | G32: 1 | H32: 10 | I32: =CONCATENATE("(",A32,",'",B32,"','",C32,"','",TEXT(D32,"aaaa-mm-jj"),"','",TEXT(E32,"aaaa-mm-jj"),"',",F32,",",G32,",",H32,"),") -> (27,'PT-BRM','Terminal de Pipeline El Borma','Friday-05-jj','Friday-10-jj',NULL,1,10),
A33: 28 | B33: PT-GST | C33: Terminal de Pipeline Gassi Touil | D33: 37869 | E33: 38523 | F33: NULL | G33: 1 | H33: 10 | I33: =CONCATENATE("(",A33,",'",B33,"','",C33,"','",TEXT(D33,"aaaa-mm-jj"),"','",TEXT(E33,"aaaa-mm-jj"),"',",F33,",",G33,",",H33,"),") -> (28,'PT-GST','Terminal de Pipeline Gassi Touil','Friday-09-jj','Monday-06-jj',NULL,1,10),
A34: 29 | B34: PT-HBK | C34: Terminal de Pipeline Hassi Berkine | D34: 38035 | E34: 38837 | F34: NULL | G34: 1 | H34: 10 | I34: =CONCATENATE("(",A34,",'",B34,"','",C34,"','",TEXT(D34,"aaaa-mm-jj"),"','",TEXT(E34,"aaaa-mm-jj"),"',",F34,",",G34,",",H34,"),") -> (29,'PT-HBK','Terminal de Pipeline Hassi Berkine','Wednesday-02-jj','Sunday-04-jj',NULL,1,10),
A35: 30 | B35: PT-HTJ | C35: Terminal de Pipeline Hassi tedjirane | D35: 38555 | E35: 39340 | F35: NULL | G35: 1 | H35: 10 | I35: =CONCATENATE("(",A35,",'",B35,"','",C35,"','",TEXT(D35,"aaaa-mm-jj"),"','",TEXT(E35,"aaaa-mm-jj"),"',",F35,",",G35,",",H35,"),") -> (30,'PT-HTJ','Terminal de Pipeline Hassi tedjirane','2005-07-22','2007-09-15',NULL,1,10),
A36: 31 | B36: PT-NMS | C36: Terminal de Pipeline In Amenas | D36: 37537 | E36: 38224 | F36: NULL | G36: 1 | H36: 10 | I36: =CONCATENATE("(",A36,",'",B36,"','",C36,"','",TEXT(D36,"aaaa-mm-jj"),"','",TEXT(E36,"aaaa-mm-jj"),"',",F36,",",G36,",",H36,"),") -> (31,'PT-NMS','Terminal de Pipeline In Amenas','Tuesday-10-jj','Wednesday-08-jj',NULL,1,10),
A37: 32 | B37: PT-NSL | C37: Terminal de Pipeline In Salah | D37: 39066 | E37: 39772 | F37: NULL | G37: 1 | H37: 10 | I37: =CONCATENATE("(",A37,",'",B37,"','",C37,"','",TEXT(D37,"aaaa-mm-jj"),"','",TEXT(E37,"aaaa-mm-jj"),"',",F37,",",G37,",",H37,"),") -> (32,'PT-NSL','Terminal de Pipeline In Salah','2006-12-15','2008-11-20',NULL,1,10),
A38: 33 | B38: PT-ISR | C38: Terminal de Pipeline Isser | D38: 35509 | E38: 36290 | F38: NULL | G38: 1 | H38: 10 | I38: =CONCATENATE("(",A38,",'",B38,"','",C38,"','",TEXT(D38,"aaaa-mm-jj"),"','",TEXT(E38,"aaaa-mm-jj"),"',",F38,",",G38,",",H38,"),") -> (33,'PT-ISR','Terminal de Pipeline Isser','1997-03-20','1999-05-10',NULL,1,10),
A39: 34 | B39: PT-RGN | C39: Terminal de Pipeline Reggane | D39: 40341 | E39: 41212 | F39: NULL | G39: 1 | H39: 10 | I39: =CONCATENATE("(",A39,",'",B39,"','",C39,"','",TEXT(D39,"aaaa-mm-jj"),"','",TEXT(E39,"aaaa-mm-jj"),"',",F39,",",G39,",",H39,"),") -> (34,'PT-RGN','Terminal de Pipeline Reggane','Saturday-06-jj','Tuesday-10-jj',NULL,1,10),
A40: 35 | B40: PT-RBL | C40: Terminal de Pipeline Rhoude El Baguel | D40: 37152 | E40: 37977 | F40: NULL | G40: 1 | H40: 10 | I40: =CONCATENATE("(",A40,",'",B40,"','",C40,"','",TEXT(D40,"aaaa-mm-jj"),"','",TEXT(E40,"aaaa-mm-jj"),"',",F40,",",G40,",",H40,"),") -> (35,'PT-RBL','Terminal de Pipeline Rhoude El Baguel','Tuesday-09-jj','Monday-12-jj',NULL,1,10),
A41: 36 | B41: PT-SKD | C41: Terminal de Pipeline Skikda | D41: 27494 | E41: 28505 | F41: NULL | G41: 1 | H41: 10 | I41: =CONCATENATE("(",A41,",'",B41,"','",C41,"','",TEXT(D41,"aaaa-mm-jj"),"','",TEXT(E41,"aaaa-mm-jj"),"',",F41,",",G41,",",H41,"),") -> (36,'PT-SKD','Terminal de Pipeline Skikda','Thursday-04-jj','Sunday-01-jj',NULL,1,10),
B42: PT-SC4SGR | C42: Terminal de Pipeline Sougueur | D42: 43101 | E42: 43101 | F42: NULL | G42: 1 | H42: 10 | I42: =CONCATENATE("(",A42,",'",B42,"','",C42,"','",TEXT(D42,"aaaa-mm-jj"),"','",TEXT(E42,"aaaa-mm-jj"),"',",F42,",",G42,",",H42,"),") -> (,'PT-SC4SGR','Terminal de Pipeline Sougueur','2018-01-01','2018-01-01',NULL,1,10),
A43: 37 | B43: SP1-OZ1/OZ2 | C43: Station de Pompage SP1-OZ1/OZ2 | D43: 36540 | E43: 37154 | F43: NULL | G43: 1 | H43: 10 | I43: =CONCATENATE("(",A43,",'",B43,"','",C43,"','",TEXT(D43,"aaaa-mm-jj"),"','",TEXT(E43,"aaaa-mm-jj"),"',",F43,",",G43,",",H43,"),") -> (37,'SP1-OZ1/OZ2','Station de Pompage SP1-OZ1/OZ2','2000-01-15','2001-09-20',NULL,1,10),
A44: 38 | B44: SP1-OZ1 | C44: Station de Pompage SP1-OZ1 | D44: 36540 | E44: 37154 | F44: NULL | G44: 0 | H44: 10 | I44: =CONCATENATE("(",A44,",'",B44,"','",C44,"','",TEXT(D44,"aaaa-mm-jj"),"','",TEXT(E44,"aaaa-mm-jj"),"',",F44,",",G44,",",H44,"),") -> (38,'SP1-OZ1','Station de Pompage SP1-OZ1','2000-01-15','2001-09-20',NULL,0,10),
A45: 39 | B45: SP2-OZ1/OZ2 | C45: Station de Pompage SP2-OZ1/OZ2 | D45: 36960 | E45: 37575 | F45: NULL | G45: 1 | H45: 10 | I45: =CONCATENATE("(",A45,",'",B45,"','",C45,"','",TEXT(D45,"aaaa-mm-jj"),"','",TEXT(E45,"aaaa-mm-jj"),"',",F45,",",G45,",",H45,"),") -> (39,'SP2-OZ1/OZ2','Station de Pompage SP2-OZ1/OZ2','2001-03-10','2002-11-15',NULL,1,10),
A46: 40 | B46: SP2-OZ1 | C46: Station de Pompage SP2-OZ1 | D46: 36960 | E46: 37575 | F46: NULL | G46: 0 | H46: 10 | I46: =CONCATENATE("(",A46,",'",B46,"','",C46,"','",TEXT(D46,"aaaa-mm-jj"),"','",TEXT(E46,"aaaa-mm-jj"),"',",F46,",",G46,",",H46,"),") -> (40,'SP2-OZ1','Station de Pompage SP2-OZ1','2001-03-10','2002-11-15',NULL,0,10),
A47: 41 | B47: SP3-OZ1/OZ2 | C47: Station de Pompage SP2-OZ1/OZ2 | D47: 37396 | E47: 37985 | F47: NULL | G47: 1 | H47: 10 | I47: =CONCATENATE("(",A47,",'",B47,"','",C47,"','",TEXT(D47,"aaaa-mm-jj"),"','",TEXT(E47,"aaaa-mm-jj"),"',",F47,",",G47,",",H47,"),") -> (41,'SP3-OZ1/OZ2','Station de Pompage SP2-OZ1/OZ2','2002-05-20','2003-12-30',NULL,1,10),
A48: 42 | B48: SP3-OZ1 | C48: Station de Pompage SP2-OZ1 | D48: 37396 | E48: 37985 | F48: NULL | G48: 0 | H48: 10 | I48: =CONCATENATE("(",A48,",'",B48,"','",C48,"','",TEXT(D48,"aaaa-mm-jj"),"','",TEXT(E48,"aaaa-mm-jj"),"',",F48,",",G48,",",H48,"),") -> (42,'SP3-OZ1','Station de Pompage SP2-OZ1','2002-05-20','2003-12-30',NULL,0,10),
A49: 43 | B49: SP4-OZ1/OZ2 | C49: Station de Pompage SP2-OZ1/OZ2 | D49: 37848 | E49: 38433 | F49: NULL | G49: 1 | H49: 10 | I49: =CONCATENATE("(",A49,",'",B49,"','",C49,"','",TEXT(D49,"aaaa-mm-jj"),"','",TEXT(E49,"aaaa-mm-jj"),"',",F49,",",G49,",",H49,"),") -> (43,'SP4-OZ1/OZ2','Station de Pompage SP2-OZ1/OZ2','2003-08-15','2005-03-22',NULL,1,10),
A50: 44 | B50: SP4-OZ1 | C50: Station de Pompage SP2-OZ1 | D50: 37848 | E50: 38433 | F50: NULL | G50: 0 | H50: 10 | I50: =CONCATENATE("(",A50,",'",B50,"','",C50,"','",TEXT(D50,"aaaa-mm-jj"),"','",TEXT(E50,"aaaa-mm-jj"),"',",F50,",",G50,",",H50,"),") -> (44,'SP4-OZ1','Station de Pompage SP2-OZ1','2003-08-15','2005-03-22',NULL,0,10),
A51: 45 | B51: SP5-OZ1/OZ2 | C51: Station de Pompage SP2-OZ1/OZ2 | D51: 38265 | E51: 38886 | F51: NULL | G51: 1 | H51: 10 | I51: =CONCATENATE("(",A51,",'",B51,"','",C51,"','",TEXT(D51,"aaaa-mm-jj"),"','",TEXT(E51,"aaaa-mm-jj"),"',",F51,",",G51,",",H51,"),") -> (45,'SP5-OZ1/OZ2','Station de Pompage SP2-OZ1/OZ2','2004-10-05','2006-06-18',NULL,1,10),
A52: 46 | B52: SP5-OZ1 | C52: Station de Pompage SP2-OZ1 | D52: 38265 | E52: 38886 | F52: NULL | G52: 0 | H52: 10 | I52: =CONCATENATE("(",A52,",'",B52,"','",C52,"','",TEXT(D52,"aaaa-mm-jj"),"','",TEXT(E52,"aaaa-mm-jj"),"',",F52,",",G52,",",H52,"),") -> (46,'SP5-OZ1','Station de Pompage SP2-OZ1','2004-10-05','2006-06-18',NULL,0,10),
A53: 47 | B53: SP6-OZ1/OZ2 | C53: Station de Pompage SP2-OZ1/OZ2 | D53: 38698 | E53: 39319 | F53: NULL | G53: 1 | H53: 10 | I53: =CONCATENATE("(",A53,",'",B53,"','",C53,"','",TEXT(D53,"aaaa-mm-jj"),"','",TEXT(E53,"aaaa-mm-jj"),"',",F53,",",G53,",",H53,"),") -> (47,'SP6-OZ1/OZ2','Station de Pompage SP2-OZ1/OZ2','2005-12-12','2007-08-25',NULL,1,10),
A54: 48 | B54: SP6-OZ1 | C54: Station de Pompage SP2-OZ1 | D54: 38698 | E54: 39319 | F54: NULL | G54: 0 | H54: 10 | I54: =CONCATENATE("(",A54,",'",B54,"','",C54,"','",TEXT(D54,"aaaa-mm-jj"),"','",TEXT(E54,"aaaa-mm-jj"),"',",F54,",",G54,",",H54,"),") -> (48,'SP6-OZ1','Station de Pompage SP2-OZ1','2005-12-12','2007-08-25',NULL,0,10),
... A60: 54 | B60: SP3-OK1 | C60: Station de Pompage SP3-OK1 | D60: 37930 | E60: 38551 | F60: NULL | G60: 1 | H60: 10 | I60: =CONCATENATE("(",A60,",'",B60,"','",C60,"','",TEXT(D60,"aaaa-mm-jj"),"','",TEXT(E60,"aaaa-mm-jj"),"',",F60,",",G60,",",H60,"),") -> (54,'SP3-OK1','Station de Pompage SP3-OK1','2003-11-05','2005-07-18',NULL,1,10),
A61: 55 | B61: SP3-OK1-BIS | C61: Station de Pompage SP3-OK1-BIS | D61: 39859 | E61: 40479 | F61: NULL | G61: 1 | H61: 10 | I61: =CONCATENATE("(",A61,",'",B61,"','",C61,"','",TEXT(D61,"aaaa-mm-jj"),"','",TEXT(E61,"aaaa-mm-jj"),"',",F61,",",G61,",",H61,"),") -> (55,'SP3-OK1-BIS','Station de Pompage SP3-OK1-BIS','2009-02-15','2010-10-28',NULL,1,10), | J61: Changement de machines
A62: 56 | B62: SP4-OK1 | C62: Station de Pompage SP4-OK1 | D62: 38125 | E62: 38739 | F62: NULL | G62: 1 | H62: 10 | I62: =CONCATENATE("(",A62,",'",B62,"','",C62,"','",TEXT(D62,"aaaa-mm-jj"),"','",TEXT(E62,"aaaa-mm-jj"),"',",F62,",",G62,",",H62,"),") -> (56,'SP4-OK1','Station de Pompage SP4-OK1','2004-05-18','2006-01-22',NULL,1,10),
A63: 57 | B63: SP1-OB1 | C63: Station de Pompage SP1-OB1 | D63: 37327 | E63: 37950 | F63: NULL | G63: 1 | H63: 10 | I63: =CONCATENATE("(",A63,",'",B63,"','",C63,"','",TEXT(D63,"aaaa-mm-jj"),"','",TEXT(E63,"aaaa-mm-jj"),"',",F63,",",G63,",",H63,"),") -> (57,'SP1-OB1','Station de Pompage SP1-OB1','2002-03-12','2003-11-25',NULL,1,10),
A64: 58 | B64: SP1-BIS-OB1 | C64: Station de Pompage SP1-BIS-OB1 | D64: 39649 | E64: 40283 | F64: NULL | G64: 1 | H64: 10 | I64: =CONCATENATE("(",A64,",'",B64,"','",C64,"','",TEXT(D64,"aaaa-mm-jj"),"','",TEXT(E64,"aaaa-mm-jj"),"',",F64,",",G64,",",H64,"),") -> (58,'SP1-BIS-OB1','Station de Pompage SP1-BIS-OB1','2008-07-20','2010-04-15',NULL,1,10),
A65: 59 | B65: SP2-OB1 | C65: Station de Pompage SP2-OB1 | D65: 37874 | E65: 38521 | F65: NULL | G65: 1 | H65: 10 | I65: =CONCATENATE("(",A65,",'",B65,"','",C65,"','",TEXT(D65,"aaaa-mm-jj"),"','",TEXT(E65,"aaaa-mm-jj"),"',",F65,",",G65,",",H65,"),") -> (59,'SP2-OB1','Station de Pompage SP2-OB1','2003-09-10','2005-06-18',NULL,1,10),
A66: 60 | B66: SP3-OB1 | C66: Station de Pompage SP3-OB1 | D66: 38326 | E66: 38951 | F66: NULL | G66: 1 | H66: 10 | I66: =CONCATENATE("(",A66,",'",B66,"','",C66,"','",TEXT(D66,"aaaa-mm-jj"),"','",TEXT(E66,"aaaa-mm-jj"),"',",F66,",",G66,",",H66,"),") -> (60,'SP3-OB1','Station de Pompage SP3-OB1','2004-12-05','2006-08-22',NULL,1,10),
A67: 61 | B67: SP1-BIS-OG1 | C67: Station de Pompage SP1-BIS-OG1 | D67: 39190 | E67: 39843 | F67: NULL | G67: 1 | H67: 10 | I67: =CONCATENATE("(",A67,",'",B67,"','",C67,"','",TEXT(D67,"aaaa-mm-jj"),"','",TEXT(E67,"aaaa-mm-jj"),"',",F67,",",G67,",",H67,"),") -> (61,'SP1-BIS-OG1','Station de Pompage SP1-BIS-OG1','2007-04-18','2009-01-30',NULL,1,10),
A68: 62 | B68: SP1-OT1 | C68: Station de Pompage SP1-OT1 | D68: 38405 | E68: 39005 | F68: NULL | G68: 1 | H68: 10 | I68: =CONCATENATE("(",A68,",'",B68,"','",C68,"','",TEXT(D68,"aaaa-mm-jj"),"','",TEXT(E68,"aaaa-mm-jj"),"',",F68,",",G68,",",H68,"),") -> (62,'SP1-OT1','Station de Pompage SP1-OT1','2005-02-22','2006-10-15',NULL,1,10),
A69: 63 | B69: SP2-OT1 | C69: Station de Pompage SP2-OT1 | D69: 38405 | E69: 39005 | F69: NULL | G69: 1 | H69: 10 | I69: =CONCATENATE("(",A69,",'",B69,"','",C69,"','",TEXT(D69,"aaaa-mm-jj"),"','",TEXT(E69,"aaaa-mm-jj"),"',",F69,",",G69,",",H69,"),") -> (63,'SP2-OT1','Station de Pompage SP2-OT1','2005-02-22','2006-10-15',NULL,1,10),
A70: 64 | B70: SP1-OH1 | C70: Station de Pompage SP1-OH1 | D70: 38852 | E70: 39467 | F70: NULL | G70: 1 | H70: 10 | I70: =CONCATENATE("(",A70,",'",B70,"','",C70,"','",TEXT(D70,"aaaa-mm-jj"),"','",TEXT(E70,"aaaa-mm-jj"),"',",F70,",",G70,",",H70,"),") -> (64,'SP1-OH1','Station de Pompage SP1-OH1','2006-05-15','2008-01-20',NULL,1,10),
A71: 65 | B71: SP2-OH1 | C71: Station de Pompage SP2-OH1 | D71: 38852 | E71: 39467 | F71: NULL | G71: 1 | H71: 10 | I71: =CONCATENATE("(",A71,",'",B71,"','",C71,"','",TEXT(D71,"aaaa-mm-jj"),"','",TEXT(E71,"aaaa-mm-jj"),"',",F71,",",G71,",",H71,"),") -> (65,'SP2-OH1','Station de Pompage SP2-OH1','2006-05-15','2008-01-20',NULL,1,10),
A72: 66 | B72: SP3-OH1 | C72: Station de Pompage SP3-OH1 | D72: 38852 | E72: 39467 | F72: NULL | G72: 1 | H72: 10 | I72: =CONCATENATE("(",A72,",'",B72,"','",C72,"','",TEXT(D72,"aaaa-mm-jj"),"','",TEXT(E72,"aaaa-mm-jj"),"',",F72,",",G72,",",H72,"),") -> (66,'SP3-OH1','Station de Pompage SP3-OH1','2006-05-15','2008-01-20',NULL,1,10),
A73: 66 | B73: SP4-OH1 | C73: Station de Pompage SP4-OH1 | D73: 38852 | E73: 39467 | F73: NULL | G73: 1 | H73: 10 | I73: =CONCATENATE("(",A73,",'",B73,"','",C73,"','",TEXT(D73,"aaaa-mm-jj"),"','",TEXT(E73,"aaaa-mm-jj"),"',",F73,",",G73,",",H73,"),") -> (66,'SP4-OH1','Station de Pompage SP4-OH1','2006-05-15','2008-01-20',NULL,1,10),
... A96: 89 | B96: SP3-LNZ1 | C96: Station de Pompage SP3-LNZ1 | D96: 42299 | E96: 42962 | F96: NULL | G96: 1 | H96: 10 | I96: =CONCATENATE("(",A96,",'",B96,"','",C96,"','",TEXT(D96,"aaaa-mm-jj"),"','",TEXT(E96,"aaaa-mm-jj"),"',",F96,",",G96,",",H96,"),") -> (89,'SP3-LNZ1','Station de Pompage SP3-LNZ1','2015-10-22','2017-08-15',NULL,1,10),
A97: 90 | B97: SC1-GZ0 | C97: Station de Compression SC1-GZ0 | D97: 23743 | E97: 23743 | F97: 44838 | G97: 0 | H97: 10 | I97: =CONCATENATE("(",A97,",'",B97,"','",C97,"','",TEXT(D97,"aaaa-mm-jj"),"','",TEXT(E97,"aaaa-mm-jj"),"',",F97,",",G97,",",H97,"),") -> (90,'SC1-GZ0','Station de Compression SC1-GZ0','1965-01-01','1965-01-01',44838,0,10),
A98: 91 | B98: SC2-GZ0 | C98: Station de Compression SC2-GZ0 | D98: 26299 | E98: 26299 | F98: 44838 | G98: 0 | H98: 10 | I98: =CONCATENATE("(",A98,",'",B98,"','",C98,"','",TEXT(D98,"aaaa-mm-jj"),"','",TEXT(E98,"aaaa-mm-jj"),"',",F98,",",G98,",",H98,"),") -> (91,'SC2-GZ0','Station de Compression SC2-GZ0','1972-01-01','1972-01-01',44838,0,10),
A99: 92 | B99: SC3-GZ0 | C99: Station de Compression SC3-GZ0 | D99: 23743 | E99: 23743 | F99: 44838 | G99: 0 | H99: 10 | I99: =CONCATENATE("(",A99,",'",B99,"','",C99,"','",TEXT(D99,"aaaa-mm-jj"),"','",TEXT(E99,"aaaa-mm-jj"),"',",F99,",",G99,",",H99,"),") -> (92,'SC3-GZ0','Station de Compression SC3-GZ0','1965-01-01','1965-01-01',44838,0,10),
A100: 93 | B100: SC4-GZ0 | C100: Station de Compression SC4-GZ0 | D100: 26299 | E100: 26299 | F100: 44838 | G100: 0 | H100: 10 | I100: =CONCATENATE("(",A100,",'",B100,"','",C100,"','",TEXT(D100,"aaaa-mm-jj"),"','",TEXT(E100,"aaaa-mm-jj"),"',",F100,",",G100,",",H100,"),") -> (93,'SC4-GZ0','Station de Compression SC4-GZ0','1972-01-01','1972-01-01',44838,0,10),
A101: 94 | B101: SC1-GZ1 | C101: Station de Compression SC1-GZ1 | D101: 37756 | E101: 38462 | F101: NULL | G101: 1 | H101: 10 | I101: =CONCATENATE("(",A101,",'",B101,"','",C101,"','",TEXT(D101,"aaaa-mm-jj"),"','",TEXT(E101,"aaaa-mm-jj"),"',",F101,",",G101,",",H101,"),") -> (94,'SC1-GZ1','Station de Compression SC1-GZ1','2003-05-15','2005-04-20',NULL,1,10),
A102: 95 | B102: SC1-GZ2 | C102: Station de Compression SC1-GZ2 | D102: 37756 | E102: 38462 | F102: NULL | G102: 1 | H102: 10 | I102: =CONCATENATE("(",A102,",'",B102,"','",C102,"','",TEXT(D102,"aaaa-mm-jj"),"','",TEXT(E102,"aaaa-mm-jj"),"',",F102,",",G102,",",H102,"),") -> (95,'SC1-GZ2','Station de Compression SC1-GZ2','2003-05-15','2005-04-20',NULL,1,10),
A103: 96 | B103: SC1-GZ3 | C103: Station de Compression SC1-GZ3 | D103: 37756 | E103: 38462 | F103: NULL | G103: 1 | H103: 10 | I103: =CONCATENATE("(",A103,",'",B103,"','",C103,"','",TEXT(D103,"aaaa-mm-jj"),"','",TEXT(E103,"aaaa-mm-jj"),"',",F103,",",G103,",",H103,"),") -> (96,'SC1-GZ3','Station de Compression SC1-GZ3','2003-05-15','2005-04-20',NULL,1,10),
A104: 97 | B104: SC2-GZ1 | C104: Station de Compression SC2-GZ1 | D104: 38219 | E104: 38923 | F104: NULL | G104: 1 | H104: 10 | I104: =CONCATENATE("(",A104,",'",B104,"','",C104,"','",TEXT(D104,"aaaa-mm-jj"),"','",TEXT(E104,"aaaa-mm-jj"),"',",F104,",",G104,",",H104,"),") -> (97,'SC2-GZ1','Station de Compression SC2-GZ1','2004-08-20','2006-07-25',NULL,1,10),
A105: 98 | B105: SC2-GZ2 | C105: Station de Compression SC2-GZ2 | D105: 38219 | E105: 38923 | F105: NULL | G105: 1 | H105: 10 | I105: =CONCATENATE("(",A105,",'",B105,"','",C105,"','",TEXT(D105,"aaaa-mm-jj"),"','",TEXT(E105,"aaaa-mm-jj"),"',",F105,",",G105,",",H105,"),") -> (98,'SC2-GZ2','Station de Compression SC2-GZ2','2004-08-20','2006-07-25',NULL,1,10),
A106: 99 | B106: SC2-GZ3 | C106: Station de Compression SC2-GZ3 | D106: 38219 | E106: 38923 | F106: NULL | G106: 1 | H106: 10 | I106: =CONCATENATE("(",A106,",'",B106,"','",C106,"','",TEXT(D106,"aaaa-mm-jj"),"','",TEXT(E106,"aaaa-mm-jj"),"',",F106,",",G106,",",H106,"),") -> (99,'SC2-GZ3','Station de Compression SC2-GZ3','2004-08-20','2006-07-25',NULL,1,10),
A107: 100 | B107: SC3-GZ1 | C107: Station de Compression SC3-GZ1 | D107: 38666 | E107: 39370 | F107: NULL | G107: 1 | H107: 10 | I107: =CONCATENATE("(",A107,",'",B107,"','",C107,"','",TEXT(D107,"aaaa-mm-jj"),"','",TEXT(E107,"aaaa-mm-jj"),"',",F107,",",G107,",",H107,"),") -> (100,'SC3-GZ1','Station de Compression SC3-GZ1','2005-11-10','2007-10-15',NULL,1,10),
A108: 101 | B108: SC3-GZ2 | C108: Station de Compression SC3-GZ2 | D108: 38666 | E108: 39370 | F108: NULL | G108: 1 | H108: 10 | I108: =CONCATENATE("(",A108,",'",B108,"','",C108,"','",TEXT(D108,"aaaa-mm-jj"),"','",TEXT(E108,"aaaa-mm-jj"),"',",F108,",",G108,",",H108,"),") -> (101,'SC3-GZ2','Station de Compression SC3-GZ2','2005-11-10','2007-10-15',NULL,1,10),
A109: 102 | B109: SC3-GZ3 | C109: Station de Compression SC3-GZ3 | D109: 38666 | E109: 39370 | F109: NULL | G109: 1 | H109: 10 | I109: =CONCATENATE("(",A109,",'",B109,"','",C109,"','",TEXT(D109,"aaaa-mm-jj"),"','",TEXT(E109,"aaaa-mm-jj"),"',",F109,",",G109,",",H109,"),") -> (102,'SC3-GZ3','Station de Compression SC3-GZ3','2005-11-10','2007-10-15',NULL,1,10),
A110: 103 | B110: SC4-GZ1 | C110: Station de Compression SC4-GZ1 | D110: 38791 | E110: 39498 | F110: NULL | G110: 1 | H110: 10 | I110: =CONCATENATE("(",A110,",'",B110,"','",C110,"','",TEXT(D110,"aaaa-mm-jj"),"','",TEXT(E110,"aaaa-mm-jj"),"',",F110,",",G110,",",H110,"),") -> (103,'SC4-GZ1','Station de Compression SC4-GZ1','2006-03-15','2008-02-20',NULL,1,10),
A111: 104 | B111: SC4-GZ2 | C111: Station de Compression SC4-GZ2 | D111: 38791 | E111: 39498 | F111: NULL | G111: 1 | H111: 10 | I111: =CONCATENATE("(",A111,",'",B111,"','",C111,"','",TEXT(D111,"aaaa-mm-jj"),"','",TEXT(E111,"aaaa-mm-jj"),"',",F111,",",G111,",",H111,"),") -> (104,'SC4-GZ2','Station de Compression SC4-GZ2','2006-03-15','2008-02-20',NULL,1,10),
A112: 105 | B112: SC4-GZ3 | C112: Station de Compression SC4-GZ3 | D112: 38791 | E112: 39498 | F112: NULL | G112: 1 | H112: 10 | I112: =CONCATENATE("(",A112,",'",B112,"','",C112,"','",TEXT(D112,"aaaa-mm-jj"),"','",TEXT(E112,"aaaa-mm-jj"),"',",F112,",",G112,",",H112,"),") -> (105,'SC4-GZ3','Station de Compression SC4-GZ3','2006-03-15','2008-02-20',NULL,1,10),
... A165: 158 | B165: OZ1 | C165: Pipeline OZ1 | D165: 23788 | E165: 24775 | F165: NULL | G165: 1 | H165: 10 | I165: =CONCATENATE("(",A165,",'",B165,"','",C165,"','",TEXT(D165,"aaaa-mm-jj"),"','",TEXT(E165,"aaaa-mm-jj"),"',",F165,",",G165,",",H165,"),") -> (158,'OZ1','Pipeline OZ1','1965-02-15','1967-10-30',NULL,1,10),
A166: 159 | B166: OZ2 | C166: Pipeline OZ2 | D166: 2003-08-18 | E166: 2003-08-18 | F166: NULL | G166: 1 | H166: 10 | I166: =CONCATENATE("(",A166,",'",B166,"','",C166,"','",TEXT(D166,"aaaa-mm-jj"),"','",TEXT(E166,"aaaa-mm-jj"),"',",F166,",",G166,",",H166,"),") -> (159,'OZ2','Pipeline OZ2','2003-08-18','2003-08-18',NULL,1,10),
A167: 160 | B167: OK1 | C167: Pipeline OK1 | D167: 1972-01-01 | E167: 1972-01-01 | F167: NULL | G167: 1 | H167: 10 | I167: =CONCATENATE("(",A167,",'",B167,"','",C167,"','",TEXT(D167,"aaaa-mm-jj"),"','",TEXT(E167,"aaaa-mm-jj"),"',",F167,",",G167,",",H167,"),") -> (160,'OK1','Pipeline OK1','1972-01-01','1972-01-01',NULL,1,10),
A168: 161 | B168: OB1 | C168: Pipeline OB1 | D168: 21064 | E168: 21889 | F168: NULL | G168: 1 | H168: 10 | I168: =CONCATENATE("(",A168,",'",B168,"','",C168,"','",TEXT(D168,"aaaa-mm-jj"),"','",TEXT(E168,"aaaa-mm-jj"),"',",F168,",",G168,",",H168,"),") -> (161,'OB1','Pipeline OB1','1957-09-01','1959-12-05',NULL,1,10),
A169: 162 | B169: ROB1-01 | C169: Pipeline ROB1-01 | D169: 35236 | E169: 36479 | F169: NULL | G169: 1 | H169: 10 | I169: =CONCATENATE("(",A169,",'",B169,"','",C169,"','",TEXT(D169,"aaaa-mm-jj"),"','",TEXT(E169,"aaaa-mm-jj"),"',",F169,",",G169,",",H169,"),") -> (162,'ROB1-01','Pipeline ROB1-01','1996-06-20','1999-11-15',NULL,1,10),
A170: 163 | B170: ROB1-02 | C170: Pipeline ROB1-02 | D170: 36595 | E170: 37855 | F170: NULL | G170: 1 | H170: 10 | I170: =CONCATENATE("(",A170,",'",B170,"','",C170,"','",TEXT(D170,"aaaa-mm-jj"),"','",TEXT(E170,"aaaa-mm-jj"),"',",F170,",",G170,",",H170,"),") -> (163,'ROB1-02','Pipeline ROB1-02','2000-03-10','2003-08-22',NULL,1,10),
A171: 164 | B171: OG1 | C171: Pipeline OG1 | D171: 2005-07-04 | E171: 2005-07-04 | F171: NULL | G171: 1 | H171: 10 | I171: =CONCATENATE("(",A171,",'",B171,"','",C171,"','",TEXT(D171,"aaaa-mm-jj"),"','",TEXT(E171,"aaaa-mm-jj"),"',",F171,",",G171,",",H171,"),") -> (164,'OG1','Pipeline OG1','2005-07-04','2005-07-04',NULL,1,10),
A172: 165 | B172: OT1 | C172: Pipeline OT1 | D172: 21337 | E172: 21930 | F172: NULL | G172: 1 | H172: 10 | I172: =CONCATENATE("(",A172,",'",B172,"','",C172,"','",TEXT(D172,"aaaa-mm-jj"),"','",TEXT(E172,"aaaa-mm-jj"),"',",F172,",",G172,",",H172,"),") -> (165,'OT1','Pipeline OT1','1958-06-01','1960-01-15',NULL,1,10),
A173: 166 | B173: OH1 | C173: Pipeline OH1 | D173: 1982-01-01 | E173: 1982-01-01 | F173: NULL | G173: 1 | H173: 10 | I173: =CONCATENATE("(",A173,",'",B173,"','",C173,"','",TEXT(D173,"aaaa-mm-jj"),"','",TEXT(E173,"aaaa-mm-jj"),"',",F173,",",G173,",",H173,"),") -> (166,'OH1','Pipeline OH1','1982-01-01','1982-01-01',NULL,1,10),
A174: 167 | B174: ROH1 | C174: Pipeline ROH1 | D174: 38582 | E174: 39624 | F174: NULL | G174: 1 | H174: 10 | I174: =CONCATENATE("(",A174,",'",B174,"','",C174,"','",TEXT(D174,"aaaa-mm-jj"),"','",TEXT(E174,"aaaa-mm-jj"),"',",F174,",",G174,",",H174,"),") -> (167,'ROH1','Pipeline ROH1','2005-08-18','2008-06-25',NULL,1,10),
A175: 168 | B175: OH2 | C175: Pipeline OH2 | D175: 1972-04-10 | E175: 1972-04-10 | F175: NULL | G175: 1 | H175: 10 | I175: =CONCATENATE("(",A175,",'",B175,"','",C175,"','",TEXT(D175,"aaaa-mm-jj"),"','",TEXT(E175,"aaaa-mm-jj"),"',",F175,",",G175,",",H175,"),") -> (168,'OH2','Pipeline OH2','1972-04-10','1972-04-10',NULL,1,10),
A176: 169 | B176: OH3 | C176: Pipeline OH3 | D176: 35476 | E176: 37026 | F176: NULL | G176: 1 | H176: 10 | I176: =CONCATENATE("(",A176,",'",B176,"','",C176,"','",TEXT(D176,"aaaa-mm-jj"),"','",TEXT(E176,"aaaa-mm-jj"),"',",F176,",",G176,",",H176,"),") -> (169,'OH3','Pipeline OH3','1997-02-15','2001-05-15',NULL,1,10),
A177: 170 | B177: OH4 | C177: Pipeline OH4 | D177: 2006-01-01 | E177: 2006-01-01 | F177: NULL | G177: 1 | H177: 10 | I177: =CONCATENATE("(",A177,",'",B177,"','",C177,"','",TEXT(D177,"aaaa-mm-jj"),"','",TEXT(E177,"aaaa-mm-jj"),"',",F177,",",G177,",",H177,"),") -> (170,'OH4','Pipeline OH4','2006-01-01','2006-01-01',NULL,1,10),
A178: 171 | B178: OD1 | C178: Pipeline OD1 | D178: 1977-03-23 | E178: 1977-03-23 | F178: NULL | G178: 1 | H178: 10 | I178: =CONCATENATE("(",A178,",'",B178,"','",C178,"','",TEXT(D178,"aaaa-mm-jj"),"','",TEXT(E178,"aaaa-mm-jj"),"',",F178,",",G178,",",H178,"),") -> (171,'OD1','Pipeline OD1','1977-03-23','1977-03-23',NULL,1,10),
A179: 172 | B179: ROD1 | C179: Pipeline ROD1 | D179: 38457 | E179: 39721 | F179: NULL | G179: 1 | H179: 10 | I179: =CONCATENATE("(",A179,",'",B179,"','",C179,"','",TEXT(D179,"aaaa-mm-jj"),"','",TEXT(E179,"aaaa-mm-jj"),"',",F179,",",G179,",",H179,"),") -> (172,'ROD1','Pipeline ROD1','2005-04-15','2008-09-30',NULL,1,10),
A180: 173 | B180: OD2 | C180: Pipeline OD2 | D180: 38970 | E180: 39921 | F180: NULL | G180: 1 | H180: 10 | I180: =CONCATENATE("(",A180,",'",B180,"','",C180,"','",TEXT(D180,"aaaa-mm-jj"),"','",TEXT(E180,"aaaa-mm-jj"),"',",F180,",",G180,",",H180,"),") -> (173,'OD2','Pipeline OD2','2006-09-10','2009-04-18',NULL,1,10),
A181: 174 | B181: OD3 | C181: Pipeline OD3 | D181: 39380 | E181: 40410 | F181: NULL | G181: 1 | H181: 10 | I181: =CONCATENATE("(",A181,",'",B181,"','",C181,"','",TEXT(D181,"aaaa-mm-jj"),"','",TEXT(E181,"aaaa-mm-jj"),"',",F181,",",G181,",",H181,"),") -> (174,'OD3','Pipeline OD3','2007-10-25','2010-08-20',NULL,1,10),
...

Sheet Stations
B1: SC | E1: SP | H1: PRS
B2: Working | C2: Stoped | D2: Decomissioned | E2: Working | F2: Stoped | G2: Decomissioned | H2: Working | I2: Stoped | J2: Decomissioned
A3: GZ0 | B3: 0 | C3: 0 | D3: 4 | H3: 0 | I3: 0 | J3: 0
A4: GZ1/2/3 | B4: 15 | C4: 0 | D4: 0 | H4: 0 | I4: 0 | J4: 0
A5: GZ4 | B5: 0 | C5: 0 | D5: 0 | H5: 0 | I5: 0 | J5: 0
A6: GK1/2 | B6: 5 | C6: 0 | D6: 0 | H6: 0 | I6: 0 | J6: 0
A7: GK3 | B7: 0 | C7: 0 | D7: 0 | H7: 0 | I7: 0 | J7: 0
A8: GG1 | B8: 1 | C8: 0 | D8: 0 | H8: 0 | I8: 0 | J8: 0
A9: GR1/2/4/6 | B9: 6 | C9: 0 | D9: 1 | H9: 0 | I9: 0 | J9: 0
A10: GR5/7 | B10: 2 | C10: 0 | D10: 0 | H10: 0 | I10: 0 | J10: 0
A11: GPDF | B11: 1 | C11: 0 | D11: 0 | H11: 0 | I11: 0 | J11: 0
A12: GO1/2/3 | B12: 1 | C12: 0 | D12: 0 | H12: 0 | I12: 0 | J12: 0
A13: OZ1/2 | E13: 6 | F13: 0 | G13: 6 | H13: 1 | I13: 0 | J13: 1
A14: OK1 | E14: 5 | F14: 0 | G14: 0 | H14: 0 | I14: 0 | J14: 0
A15: OB1/OG1 | E15: 5 | F15: 0 | G15: 9 | H15: 0 | I15: 0 | J15: 0
A16: OH1 | E16: 0 | F16: 3 | G16: 0 | H16: 0 | I16: 0 | J16: 0
A17: OD1/3/OH2 | E17: 2 | F17: 0 | G17: 0 | H17: 0 | I17: 0 | J17: 0
A18: OH3/OH4 | E18: 1 | F18: 1 | G18: 0 | H18: 0 | I18: 0 | J18: 0
A19: OT1 | E19: 2 | F19: 0 | G19: 0 | H19: 0 | I19: 0 | J19: 0
A20: NZ1 | E20: 3 | F20: 0 | G20: 0 | H20: 1 | I20: 0 | J20: 0
A21: NK1 | E21: 2 | F21: 0 | G21: 0 | H21: 0 | I21: 0 | J21: 0
A22: NH2 | E22: 0 | F22: 0 | G22: 0 | H22: 0 | I22: 0 | J22: 0
A23: LZ1/LZ2 | E23: 3 | F23: 0 | G23: 3 | H23: 2 | I23: 0 | J23: 1
A24: LR1/DLR1/ELR1 | E24: 3 | F24: 0 | G24: 3 | H24: 0 | I24: 0 | J24: 0
B25: =SUM(B3:B24) -> 31 | C25: =SUM(C3:C24) -> 0 | D25: =SUM(D3:D24) -> 5 | E25: =SUM(E3:E24) -> 32 | F25: =SUM(F3:F24) -> 4 | G25: =SUM(G3:G24) -> 21 | H25: =SUM(H3:H24) -> 4 | I25: =SUM(I3:I24) -> 0 | J25: =SUM(J3:J24) -> 2 | K25: =SUM(B25:J25) -> 99
K26: =B25+C25+E25+F25+H25+I25 -> 71
K27: =B25+E25+H25 -> 67

Sheet 02-03-03-TTST
A1: Id | B1: GID | C1: System | D1: SystemId | E1: Code | F1: Name | G1: Installing | H1: Commissioning | I1: Decommissioning | J1: Status | K1: StationType | L1: StTypeId | M1: owner | N1: manager | O1: Pipeline | P1: Coordinate | Q1: Elevation | R1: Distance | S1: Locality | T1: SQL Insert Request
A2: F_00 | E2: F_01 | F2: F_02 | G2: F_03 | H2: F_04 | I2: F_05 | J2: F_06 | M2: F_07 | T2: INSERT INTO T_02_03_01 (F_00, F_01, F_02, F_03, F_04, F_05, F_06, F_07) VALUES
A3: 1 | B3: 1 | C3: OZ1/OZ2 | D3: 1 | E3: =CONCATENATE("PC-",TEXT(A3,"00"),"-",O3) -> PC-01-OZ1 | F3: =CONCATENATE("Poste de Coupure n°",TEXT(A3,"00")," ",O3) -> Poste de Coupure n°01 OZ1 | G3: 24053 | H3: 24053 | I3: NULL | J3: 1 | K3: Block Valve Station | L3: 15 | M3: 16 | O3: OZ1 | P3: 0 / 156 | Q3: =VALUE(RIGHT(P3,LEN(P3)-SEARCH("/",P3))) -> 156 | R3: =VALUE(SUBSTITUTE(LEFT(P3,SEARCH("/",P3)-1),"+",",")) -> 0 | S3: Hassi Messaoud / OUARGLA | T3: =CONCATENATE("(",A3,",'",E3,"','",F3,"','",TEXT(G3,"aaaa-mm-jj"),"','",TEXT(H3,"aaaa-mm-jj"),"',",I3,",",J3,",",M3,"),") -> (1,'PC-01-OZ1','Poste de Coupure n°01 OZ1','Sunday-11-jj','Sunday-11-jj',NULL,1,16),
A4: 1 | B4: 2 | C4: OZ1/OZ2 | D4: 1 | E4: =CONCATENATE("PS-",TEXT(A4,"00"),"-",O4) -> PS-01-OZ1 | F4: =CONCATENATE("Poste de Sectionnement n°",TEXT(A4,"00")," ",O4) -> Poste de Sectionnement n°01 OZ1 | G4: 24053 | H4: 24053 | I4: NULL | J4: 1 | K4: Sectionalizing Station | L4: 16 | M4: 16 | O4: OZ1 | P4: 0+000 / 150 | Q4: =VALUE(RIGHT(P4,LEN(P4)-SEARCH("/",P4))) -> 150 | R4: =VALUE(SUBSTITUTE(LEFT(P4,SEARCH("/",P4)-1),"+",",")) -> 0 | S4: HMD / OUARGLA | T4: =CONCATENATE("(",A4,",'",E4,"','",F4,"','",TEXT(G4,"aaaa-mm-jj"),"','",TEXT(H4,"aaaa-mm-jj"),"',",I4,",",J4,",",M4,"),") -> (1,'PS-01-OZ1','Poste de Sectionnement n°01 OZ1','Sunday-11-jj','Sunday-11-jj',NULL,1,16),
A5: 8 | B5: 3 | C5: OZ1/OZ2 | D5: 1 | E5: SP1-OZ1-D | F5: =CONCATENATE("Station de Pompage ",E5) -> Station de Pompage SP1-OZ1-D | G5: 23743 | H5: 23743 | I5: 37986 | J5: 8 | K5: Pumping Station | L5: 7 | M5: 16 | O5: OZ1 | P5: 0 / 156 | Q5: =VALUE(RIGHT(P5,LEN(P5)-SEARCH("/",P5))) -> 156 | R5: =VALUE(SUBSTITUTE(LEFT(P5,SEARCH("/",P5)-1),"+",",")) -> 0 | S5: Hassi Messaoud / OUARGLA | T5: =CONCATENATE("(",A5,",'",E5,"','",F5,"','",TEXT(G5,"aaaa-mm-jj"),"','",TEXT(H5,"aaaa-mm-jj"),"',",I5,",",J5,",",M5,"),") -> (8,'SP1-OZ1-D','Station de Pompage SP1-OZ1-D','Friday-01-jj','Friday-01-jj',37986,8,16),
A6: 2 | B6: 4 | C6: OZ1/OZ2 | D6: 1 | E6: =CONCATENATE("PS-",TEXT(A6,"00"),"-",O6) -> PS-02-OZ1 | F6: =CONCATENATE("Poste de Sectionnement n°",TEXT(A6,"00")," ",O6) -> Poste de Sectionnement n°02 OZ1 | G6: 24053 | H6: 24053 | I6: NULL | J6: 1 | K6: Sectionalizing Station | L6: 16 | M6: 16 | O6: OZ1 | P6: 44+200 / 150 | Q6: =VALUE(RIGHT(P6,LEN(P6)-SEARCH("/",P6))) -> 150 | R6: =VALUE(SUBSTITUTE(LEFT(P6,SEARCH("/",P6)-1),"+",",")) -> 44.2 | S6: Ain Beida / OUARGLA | T6: =CONCATENATE("(",A6,",'",E6,"','",F6,"','",TEXT(G6,"aaaa-mm-jj"),"','",TEXT(H6,"aaaa-mm-jj"),"',",I6,",",J6,",",M6,"),") -> (2,'PS-02-OZ1','Poste de Sectionnement n°02 OZ1','Sunday-11-jj','Sunday-11-jj',NULL,1,16),
A7: 3 | B7: 5 | C7: OZ1/OZ2 | D7: 1 | E7: =CONCATENATE("PS-",TEXT(A7,"00"),"-",O7) -> PS-03-OZ1 | F7: =CONCATENATE("Poste de Sectionnement n°",TEXT(A7,"00")," ",O7) -> Poste de Sectionnement n°03 OZ1 | G7: 24053 | H7: 24053 | I7: NULL | J7: 1 | K7: Sectionalizing Station | L7: 16 | M7: 16 | O7: OZ1 | P7: 72+000/ 210 | Q7: =VALUE(RIGHT(P7,LEN(P7)-SEARCH("/",P7))) -> 210 | R7: =VALUE(SUBSTITUTE(LEFT(P7,SEARCH("/",P7)-1),"+",",")) -> 72 | S7: OUARGLA | T7: =CONCATENATE("(",A7,",'",E7,"','",F7,"','",TEXT(G7,"aaaa-mm-jj"),"','",TEXT(H7,"aaaa-mm-jj"),"',",I7,",",J7,",",M7,"),") -> (3,'PS-03-OZ1','Poste de Sectionnement n°03 OZ1','Sunday-11-jj','Sunday-11-jj',NULL,1,16),
A8: 2 | B8: 6 | C8: OZ1/OZ2 | D8: 1 | E8: =CONCATENATE("PC-",TEXT(A8,"00"),"-",O8) -> PC-02-OZ1 | F8: =CONCATENATE("Poste de Coupure n°",TEXT(A8,"00")," ",O8) -> Poste de Coupure n°02 OZ1 | G8: 24053 | H8: 24053 | I8: NULL | J8: 1 | K8: Block Valve Station | L8: 15 | M8: 16 | O8: OZ1 | P8: 124+800 / 256 | Q8: =VALUE(RIGHT(P8,LEN(P8)-SEARCH("/",P8))) -> 256 | R8: =VALUE(SUBSTITUTE(LEFT(P8,SEARCH("/",P8)-1),"+",",")) -> 124.8 | S8: Ouargla / OUARGLA | T8: =CONCATENATE("(",A8,",'",E8,"','",F8,"','",TEXT(G8,"aaaa-mm-jj"),"','",TEXT(H8,"aaaa-mm-jj"),"',",I8,",",J8,",",M8,"),") -> (2,'PC-02-OZ1','Poste de Coupure n°02 OZ1','Sunday-11-jj','Sunday-11-jj',NULL,1,16),
A9: 9 | B9: 7 | C9: OZ1/OZ2 | D9: 1 | E9: SP2-OZ1-D | F9: =CONCATENATE("Station de Pompage ",E9) -> Station de Pompage SP2-OZ1-D | G9: 23743 | H9: 23743 | I9: 37986 | J9: 8 | K9: Pumping Station | L9: 7 | M9: 16 | O9: OZ1 | P9: 124+800 / 256 | Q9: =VALUE(RIGHT(P9,LEN(P9)-SEARCH("/",P9))) -> 256 | R9: =VALUE(SUBSTITUTE(LEFT(P9,SEARCH("/",P9)-1),"+",",")) -> 124.8 | S9: Ouargla / OUARGLA | T9: =CONCATENATE("(",A9,",'",E9,"','",F9,"','",TEXT(G9,"aaaa-mm-jj"),"','",TEXT(H9,"aaaa-mm-jj"),"',",I9,",",J9,",",M9,"),") -> (9,'SP2-OZ1-D','Station de Pompage SP2-OZ1-D','Friday-01-jj','Friday-01-jj',37986,8,16),
A10: 4 | B10: 8 | C10: OZ1/OZ2 | D10: 1 | E10: =CONCATENATE("PS-",TEXT(A10,"00"),"-",O10) -> PS-04-OZ1 | F10: =CONCATENATE("Poste de Sectionnement n°",TEXT(A10,"00")," ",O10) -> Poste de Sectionnement n°04 OZ1 | G10: 24053 | H10: 24053 | I10: NULL | J10: 1 | K10: Sectionalizing Station | L10: 16 | M10: 16 | O10: OZ1 | P10: 145+473 / 295 | Q10: =VALUE(RIGHT(P10,LEN(P10)-SEARCH("/",P10))) -> 295 | R10: =VALUE(SUBSTITUTE(LEFT(P10,SEARCH("/",P10)-1),"+",",")) -> 145.473 | S10: Ouargla / OUARGLA | T10: =CONCATENATE("(",A10,",'",E10,"','",F10,"','",TEXT(G10,"aaaa-mm-jj"),"','",TEXT(H10,"aaaa-mm-jj"),"',",TEXT(I10,"aaaa-mm-jj"),",",J10,",",M10,"),") -> (4,'PS-04-OZ1','Poste de Sectionnement n°04 OZ1','Sunday-11-jj','Sunday-11-jj',NULL,1,16),
A11: 5 | B11: 9 | C11: OZ1/OZ2 | D11: 1 | E11: =CONCATENATE("PS-",TEXT(A11,"00"),"-",O11) -> PS-05-OZ1 | F11: =CONCATENATE("Poste de Sectionnement n°",TEXT(A11,"00")," ",O11) -> Poste de Sectionnement n°05 OZ1 | G11: 24053 | H11: 24053 | I11: NULL | J11: 1 | K11: Sectionalizing Station | L11: 16 | M11: 16 | O11: OZ1 | P11: 184+200 / 365 | Q11: =VALUE(RIGHT(P11,LEN(P11)-SEARCH("/",P11))) -> 365 | R11: =VALUE(SUBSTITUTE(LEFT(P11,SEARCH("/",P11)-1),"+",",")) -> 184.2 | S11: Zelfana / GHARDAIA | T11: =CONCATENATE("(",A11,",'",E11,"','",F11,"','",TEXT(G11,"aaaa-mm-jj"),"','",TEXT(H11,"aaaa-mm-jj"),"',",TEXT(I11,"aaaa-mm-jj"),",",J11,",",M11,"),") -> (5,'PS-05-OZ1','Poste de Sectionnement n°05 OZ1','Sunday-11-jj','Sunday-11-jj',NULL,1,16),
A12: 3 | B12: 10 | C12: OZ1/OZ2 | D12: 1 | E12: =CONCATENATE("PC-",TEXT(A12,"00"),"-",O12) -> PC-03-OZ1 | F12: =CONCATENATE("Poste de Coupure n°",TEXT(A12,"00")," ",O12) -> Poste de Coupure n°03 OZ1 | G12: 24053 | H12: 24053 | I12: NULL | J12: 1 | K12: Block Valve Station | L12: 15 | M12: 16 | O12: OZ1 | P12: 218+075 / 495 | Q12: =VALUE(RIGHT(P12,LEN(P12)-SEARCH("/",P12))) -> 495 | R12: =VALUE(SUBSTITUTE(LEFT(P12,SEARCH("/",P12)-1),"+",",")) -> 218.075 | S12: Al Atteuf / GHARDAIA | T12: =CONCATENATE("(",A12,",'",E12,"','",F12,"','",TEXT(G12,"aaaa-mm-jj"),"','",TEXT(H12,"aaaa-mm-jj"),"',",TEXT(I12,"aaaa-mm-jj"),",",J12,",",M12,"),") -> (3,'PC-03-OZ1','Poste de Coupure n°03 OZ1','Sunday-11-jj','Sunday-11-jj',NULL,1,16),
A13: 10 | B13: 11 | C13: OZ1/OZ2 | D13: 1 | E13: SP3-OZ1-D | F13: =CONCATENATE("Station de Pompage ",E13) -> Station de Pompage SP3-OZ1-D | G13: 23743 | H13: 23743 | I13: 37986 | J13: 8 | K13: Pumping Station | L13: 7 | M13: 16 | O13: OZ1 | P13: 218+075 / 495 | Q13: =VALUE(RIGHT(P13,LEN(P13)-SEARCH("/",P13))) -> 495 | R13: =VALUE(SUBSTITUTE(LEFT(P13,SEARCH("/",P13)-1),"+",",")) -> 218.075 | S13: Al Atteuf / GHARDAIA | T13: =CONCATENATE("(",A13,",'",E13,"','",F13,"','",TEXT(G13,"aaaa-mm-jj"),"','",TEXT(H13,"aaaa-mm-jj"),"',",TEXT(I13,"aaaa-mm-jj"),",",J13,",",M13,"),") -> (10,'SP3-OZ1-D','Station de Pompage SP3-OZ1-D','Friday-01-jj','Friday-01-jj',Wednesday-12-jj,8,16),
A14: 6 | B14: 12 | C14: OZ1/OZ2 | D14: 1 | E14: =CONCATENATE("PS-",TEXT(A14,"00"),"-",O14) -> PS-06-OZ1 | F14: =CONCATENATE("Poste de Sectionnement n°",TEXT(A14,"00")," ",O14) -> Poste de Sectionnement n°06 OZ1 | G14: 24053 | H14: 24053 | I14: NULL | J14: 1 | K14: Sectionalizing Station | L14: 16 | M14: 16 | O14: OZ1 | P14: 236+475 / 562 | Q14: =VALUE(RIGHT(P14,LEN(P14)-SEARCH("/",P14))) -> 562 | R14: =VALUE(SUBSTITUTE(LEFT(P14,SEARCH("/",P14)-1),"+",",")) -> 236.475 | S14: Ghardaia / GHARDAIA | T14: =CONCATENATE("(",A14,",'",E14,"','",F14,"','",TEXT(G14,"aaaa-mm-jj"),"','",TEXT(H14,"aaaa-mm-jj"),"',",TEXT(I14,"aaaa-mm-jj"),",",J14,",",M14,"),") -> (6,'PS-06-OZ1','Poste de Sectionnement n°06 OZ1','Sunday-11-jj','Sunday-11-jj',NULL,1,16),
A15: 7 | B15: 13 | C15: OZ1/OZ2 | D15: 1 | E15: =CONCATENATE("PS-",TEXT(A15,"00"),"-",O15) -> PS-07-OZ1 | F15: =CONCATENATE("Poste de Sectionnement n°",TEXT(A15,"00")," ",O15) -> Poste de Sectionnement n°07 OZ1 | G15: 24053 | H15: 24053 | I15: NULL | J15: 1 | K15: Sectionalizing Station | L15: 16 | M15: 16 | O15: OZ1 | P15: 256+000 / 631 | Q15: =VALUE(RIGHT(P15,LEN(P15)-SEARCH("/",P15))) -> 631 | R15: =VALUE(SUBSTITUTE(LEFT(P15,SEARCH("/",P15)-1),"+",",")) -> 256 | S15: Daia Ben Dahoua / GHARDAIA | T15: =CONCATENATE("(",A15,",'",E15,"','",F15,"','",TEXT(G15,"aaaa-mm-jj"),"','",TEXT(H15,"aaaa-mm-jj"),"',",TEXT(I15,"aaaa-mm-jj"),",",J15,",",M15,"),") -> (7,'PS-07-OZ1','Poste de Sectionnement n°07 OZ1','Sunday-11-jj','Sunday-11-jj',NULL,1,16),
A16: 4 | B16: 14 | C16: OZ1/OZ2 | D16: 1 | E16: =CONCATENATE("PC-",TEXT(A16,"00"),"-",O16) -> PC-04-OZ1 | F16: =CONCATENATE("Poste de Coupure n°",TEXT(A16,"00")," ",O16) -> Poste de Coupure n°04 OZ1 | G16: 24053 | H16: 24053 | I16: NULL | J16: 1 | K16: Block Valve Station | L16: 15 | M16: 11 | O16: OZ1 | P16: 306+000 / 777 | Q16: =VALUE(RIGHT(P16,LEN(P16)-SEARCH("/",P16))) -> 777 | R16: =VALUE(SUBSTITUTE(LEFT(P16,SEARCH("/",P16)-1),"+",",")) -> 306 | S16: Hassi R’Mel / LAGHOUAT | T16: =CONCATENATE("(",A16,",'",E16,"','",F16,"','",TEXT(G16,"aaaa-mm-jj"),"','",TEXT(H16,"aaaa-mm-jj"),"',",TEXT(I16,"aaaa-mm-jj"),",",J16,",",M16,"),") -> (4,'PC-04-OZ1','Poste de Coupure n°04 OZ1','Sunday-11-jj','Sunday-11-jj',NULL,1,11),
A17: 11 | B17: 15 | C17: OZ1/OZ2 | D17: 1 | E17: SP4-OZ1-D | F17: =CONCATENATE("Station de Pompage ",E17) -> Station de Pompage SP4-OZ1-D | G17: 23743 | H17: 23743 | I17: 38352 | J17: 8 | K17: Pumping Station | L17: 7 | M17: 11 | O17: OZ1 | P17: 306+000 / 777 | Q17: =VALUE(RIGHT(P17,LEN(P17)-SEARCH("/",P17))) -> 777 | R17: =VALUE(SUBSTITUTE(LEFT(P17,SEARCH("/",P17)-1),"+",",")) -> 306 | S17: Hassi R’Mel / LAGHOUAT | T17: =CONCATENATE("(",A17,",'",E17,"','",F17,"','",TEXT(G17,"aaaa-mm-jj"),"','",TEXT(H17,"aaaa-mm-jj"),"',",I17,",",J17,",",M17,"),") -> (11,'SP4-OZ1-D','Station de Pompage SP4-OZ1-D','Friday-01-jj','Friday-01-jj',38352,8,11),
A18: 8 | B18: 16 | C18: OZ1/OZ2 | D18: 1 | E18: =CONCATENATE("PS-",TEXT(A18,"00"),"-",O18) -> PS-08-OZ1 | F18: =CONCATENATE("Poste de Sectionnement n°",TEXT(A18,"00")," ",O18) -> Poste de Sectionnement n°08 OZ1 | G18: 24053 | H18: 24053 | I18: NULL | J18: 1 | K18: Sectionalizing Station | L18: 16 | M18: 11 | O18: OZ1 | P18: 328+047 / 762 | Q18: =VALUE(RIGHT(P18,LEN(P18)-SEARCH("/",P18))) -> 762 | R18: =VALUE(SUBSTITUTE(LEFT(P18,SEARCH("/",P18)-1),"+",",")) -> 328.047 | S18: Hassi / R'mel / LAGHOUAT | T18: =CONCATENATE("(",A18,",'",E18,"','",F18,"','",TEXT(G18,"aaaa-mm-jj"),"','",TEXT(H18,"aaaa-mm-jj"),"',",I18,",",J18,",",M18,"),") -> (8,'PS-08-OZ1','Poste de Sectionnement n°08 OZ1','Sunday-11-jj','Sunday-11-jj',NULL,1,11),
A19: 5 | B19: 17 | C19: OZ1/OZ2 | D19: 1 | E19: =CONCATENATE("PC-",TEXT(A19,"00"),"-",O19) -> PC-05-OZ1 | F19: =CONCATENATE("Poste de Coupure n°",TEXT(A19,"00")," ",O19) -> Poste de Coupure n°05 OZ1 | G19: 24053 | H19: 24053 | I19: NULL | J19: 1 | K19: Block Valve Station | L19: 15 | M19: 11 | O19: OZ1 | P19: 415+100 / 885 | Q19: =VALUE(RIGHT(P19,LEN(P19)-SEARCH("/",P19))) -> 885 | R19: =VALUE(SUBSTITUTE(LEFT(P19,SEARCH("/",P19)-1),"+",",")) -> 415.1 | S19: Milok / Tadjemout / LAGHOUAT | T19: =CONCATENATE("(",A19,",'",E19,"','",F19,"','",TEXT(G19,"aaaa-mm-jj"),"','",TEXT(H19,"aaaa-mm-jj"),"',",I19,",",J19,",",M19,"),") -> (5,'PC-05-OZ1','Poste de Coupure n°05 OZ1','Sunday-11-jj','Sunday-11-jj',NULL,1,11),
A20: 12 | B20: 18 | C20: OZ1/OZ2 | D20: 1 | E20: SP5-OZ1-D | F20: =CONCATENATE("Station de Pompage ",E20) -> Station de Pompage SP5-OZ1-D | G20: 23743 | H20: 23743 | I20: 40178 | J20: 8 | K20: Pumping Station | L20: 7 | M20: 11 | O20: OZ1 | P20: 415+100 / 885 | Q20: =VALUE(RIGHT(P20,LEN(P20)-SEARCH("/",P20))) -> 885 | R20: =VALUE(SUBSTITUTE(LEFT(P20,SEARCH("/",P20)-1),"+",",")) -> 415.1 | S20: Milok / Tadjemout / LAGHOUAT | T20: =CONCATENATE("(",A20,",'",E20,"','",F20,"','",TEXT(G20,"aaaa-mm-jj"),"','",TEXT(H20,"aaaa-mm-jj"),"',",I20,",",J20,",",M20,"),") -> (12,'SP5-OZ1-D','Station de Pompage SP5-OZ1-D','Friday-01-jj','Friday-01-jj',40178,8,11),
A21: 9 | B21: 19 | C21: OZ1/OZ2 | D21: 1 | E21: =CONCATENATE("PS-",TEXT(A21,"00"),"-",O21) -> PS-09-OZ1 | F21: =CONCATENATE("Poste de Sectionnement n°",TEXT(A21,"00")," ",O21) -> Poste de Sectionnement n°09 OZ1 | G21: 24053 | H21: 24053 | I21: NULL | J21: 1 | K21: Sectionalizing Station | L21: 16 | M21: 11 | O21: OZ1 | P21: 466+900 / 1275 | Q21: =VALUE(RIGHT(P21,LEN(P21)-SEARCH("/",P21))) -> 1275 | R21: =VALUE(SUBSTITUTE(LEFT(P21,SEARCH("/",P21)-1),"+",",")) -> 466.9 | S21: Ain Hamra / LAGHOUAT | T21: =CONCATENATE("(",A21,",'",E21,"','",F21,"','",TEXT(G21,"aaaa-mm-jj"),"','",TEXT(H21,"aaaa-mm-jj"),"',",I21,",",J21,",",M21,"),") -> (9,'PS-09-OZ1','Poste de Sectionnement n°09 OZ1','Sunday-11-jj','Sunday-11-jj',NULL,1,11),
A22: 10 | B22: 20 | C22: OZ1/OZ2 | D22: 1 | E22: =CONCATENATE("PS-",TEXT(A22,"00"),"-",O22) -> PS-10-OZ1 | F22: =CONCATENATE("Poste de Sectionnement n°",TEXT(A22,"00")," ",O22) -> Poste de Sectionnement n°10 OZ1 | G22: 24053 | H22: 24053 | I22: NULL | J22: 1 | K22: Sectionalizing Station | L22: 16 | M22: 11 | O22: OZ1 | P22: 489+915 / 1083 | Q22: =VALUE(RIGHT(P22,LEN(P22)-SEARCH("/",P22))) -> 1083 | R22: =VALUE(SUBSTITUTE(LEFT(P22,SEARCH("/",P22)-1),"+",",")) -> 489.915 | S22: Djelfa / DJELFA | T22: =CONCATENATE("(",A22,",'",E22,"','",F22,"','",TEXT(G22,"aaaa-mm-jj"),"','",TEXT(H22,"aaaa-mm-jj"),"',",I22,",",J22,",",M22,"),") -> (10,'PS-10-OZ1','Poste de Sectionnement n°10 OZ1','Sunday-11-jj','Sunday-11-jj',NULL,1,11),
A23: 11 | B23: 21 | C23: OZ1/OZ2 | D23: 1 | E23: =CONCATENATE("PS-",TEXT(A23,"00"),"-",O23) -> PS-11-OZ1 | F23: =CONCATENATE("Poste de Sectionnement n°",TEXT(A23,"00")," ",O23) -> Poste de Sectionnement n°11 OZ1 | G23: 24053 | H23: 24053 | I23: NULL | J23: 1 | K23: Sectionalizing Station | L23: 16 | M23: 11 | O23: OZ1 | P23: 533+940 / 970 | Q23: =VALUE(RIGHT(P23,LEN(P23)-SEARCH("/",P23))) -> 970 | R23: =VALUE(SUBSTITUTE(LEFT(P23,SEARCH("/",P23)-1),"+",",")) -> 533.94 | S23: Faidja / TIARET | T23: =CONCATENATE("(",A23,",'",E23,"','",F23,"','",TEXT(G23,"aaaa-mm-jj"),"','",TEXT(H23,"aaaa-mm-jj"),"',",I23,",",J23,",",M23,"),") -> (11,'PS-11-OZ1','Poste de Sectionnement n°11 OZ1','Sunday-11-jj','Sunday-11-jj',NULL,1,11),
A24: 12 | B24: 22 | C24: OZ1/OZ2 | D24: 1 | E24: =CONCATENATE("PS-",TEXT(A24,"00"),"-",O24) -> PS-12-OZ1 | F24: =CONCATENATE("Poste de Sectionnement n°",TEXT(A24,"00")," ",O24) -> Poste de Sectionnement n°12 OZ1 | G24: 24053 | H24: 24053 | I24: NULL | J24: 1 | K24: Sectionalizing Station | L24: 16 | M24: 11 | O24: OZ1 | P24: 534+060 /970 | Q24: =VALUE(RIGHT(P24,LEN(P24)-SEARCH("/",P24))) -> 970 | R24: =VALUE(SUBSTITUTE(LEFT(P24,SEARCH("/",P24)-1),"+",",")) -> 534.06 | S24: Faidja / TIARET | T24: =CONCATENATE("(",A24,",'",E24,"','",F24,"','",TEXT(G24,"aaaa-mm-jj"),"','",TEXT(H24,"aaaa-mm-jj"),"',",I24,",",J24,",",M24,"),") -> (12,'PS-12-OZ1','Poste de Sectionnement n°12 OZ1','Sunday-11-jj','Sunday-11-jj',NULL,1,11),
A25: 6 | B25: 23 | C25: OZ1/OZ2 | D25: 1 | E25: =CONCATENATE("PC-",TEXT(A25,"00"),"-",O25) -> PC-06-OZ1 | F25: =CONCATENATE("Poste de Coupure n°",TEXT(A25,"00")," ",O25) -> Poste de Coupure n°06 OZ1 | G25: 24053 | H25: 24053 | I25: NULL | J25: 1 | K25: Block Valve Station | L25: 15 | M25: 11 | O25: OZ1 | P25: 534+900 / 973 | Q25: =VALUE(RIGHT(P25,LEN(P25)-SEARCH("/",P25))) -> 973 | R25: =VALUE(SUBSTITUTE(LEFT(P25,SEARCH("/",P25)-1),"+",",")) -> 534.9 | S25: Djebil / Faidja / TIARET | T25: =CONCATENATE("(",A25,",'",E25,"','",F25,"','",TEXT(G25,"aaaa-mm-jj"),"','",TEXT(H25,"aaaa-mm-jj"),"',",I25,",",J25,",",M25,"),") -> (6,'PC-06-OZ1','Poste de Coupure n°06 OZ1','Sunday-11-jj','Sunday-11-jj',NULL,1,11),
A26: 13 | B26: 24 | C26: OZ1/OZ2 | D26: 1 | E26: SP6-OZ1-D | F26: =CONCATENATE("Station de Pompage ",E26) -> Station de Pompage SP6-OZ1-D | G26: 23743 | H26: 23743 | I26: 38352 | J26: 8 | K26: Pumping Station | L26: 7 | M26: 11 | O26: OZ1 | P26: 534+900 / 973 | Q26: =VALUE(RIGHT(P26,LEN(P26)-SEARCH("/",P26))) -> 973 | R26: =VALUE(SUBSTITUTE(LEFT(P26,SEARCH("/",P26)-1),"+",",")) -> 534.9 | S26: Djebil / Faidja / TIARET | T26: =CONCATENATE("(",A26,",'",E26,"','",F26,"','",TEXT(G26,"aaaa-mm-jj"),"','",TEXT(H26,"aaaa-mm-jj"),"',",I26,",",J26,",",M26,"),") -> (13,'SP6-OZ1-D','Station de Pompage SP6-OZ1-D','Friday-01-jj','Friday-01-jj',38352,8,11),
A27: 13 | B27: 25 | C27: OZ1/OZ2 | D27: 1 | E27: =CONCATENATE("PS-",TEXT(A27,"00"),"-",O27) -> PS-13-OZ1 | F27: =CONCATENATE("Poste de Sectionnement n°",TEXT(A27,"00")," ",O27) -> Poste de Sectionnement n°13 OZ1 | G27: 24053 | H27: 24053 | I27: NULL | J27: 1 | K27: Sectionalizing Station | L27: 16 | M27: 11 | O27: OZ1 | P27: 552+122 /1100 | Q27: =VALUE(RIGHT(P27,LEN(P27)-SEARCH("/",P27))) -> 1100 | R27: =VALUE(SUBSTITUTE(LEFT(P27,SEARCH("/",P27)-1),"+",",")) -> 552.122 | S27: Ain Dheb / TIARET | T27: =CONCATENATE("(",A27,",'",E27,"','",F27,"','",TEXT(G27,"aaaa-mm-jj"),"','",TEXT(H27,"aaaa-mm-jj"),"',",TEXT(I27,"aaaa-mm-jj"),",",J27,",",M27,"),") -> (13,'PS-13-OZ1','Poste de Sectionnement n°13 OZ1','Sunday-11-jj','Sunday-11-jj',NULL,1,11),
A28: 14 | B28: 26 | C28: OZ1/OZ2 | D28: 1 | E28: =CONCATENATE("PS-",TEXT(A28,"00"),"-",O28) -> PS-14-OZ1 | F28: =CONCATENATE("Poste de Sectionnement n°",TEXT(A28,"00")," ",O28) -> Poste de Sectionnement n°14 OZ1 | G28: 24053 | H28: 24053 | I28: NULL | J28: 1 | K28: Sectionalizing Station | L28: 16 | M28: 11 | O28: OZ1 | P28: 611+375 / 1100 | Q28: =VALUE(RIGHT(P28,LEN(P28)-SEARCH("/",P28))) -> 1100 | R28: =VALUE(SUBSTITUTE(LEFT(P28,SEARCH("/",P28)-1),"+",",")) -> 611.375 | S28: Sougueur / TIARET | T28: =CONCATENATE("(",A28,",'",E28,"','",F28,"','",TEXT(G28,"aaaa-mm-jj"),"','",TEXT(H28,"aaaa-mm-jj"),"',",TEXT(I28,"aaaa-mm-jj"),",",J28,",",M28,"),") -> (14,'PS-14-OZ1','Poste de Sectionnement n°14 OZ1','Sunday-11-jj','Sunday-11-jj',NULL,1,11),
A29: 15 | B29: 27 | C29: OZ1/OZ2 | D29: 1 | E29: =CONCATENATE("PS-",TEXT(A29,"00"),"-",O29) -> PS-15-OZ1 | F29: =CONCATENATE("Poste de Sectionnement n°",TEXT(A29,"00")," ",O29) -> Poste de Sectionnement n°15 OZ1 | G29: 24053 | H29: 24053 | I29: NULL | J29: 1 | K29: Sectionalizing Station | L29: 16 | M29: 11 | O29: OZ1 | P29: 648+000 / 758 | Q29: =VALUE(RIGHT(P29,LEN(P29)-SEARCH("/",P29))) -> 758 | R29: =VALUE(SUBSTITUTE(LEFT(P29,SEARCH("/",P29)-1),"+",",")) -> 648 | S29: Guertoufa / TIARET | T29: =CONCATENATE("(",A29,",'",E29,"','",F29,"','",TEXT(G29,"aaaa-mm-jj"),"','",TEXT(H29,"aaaa-mm-jj"),"',",TEXT(I29,"aaaa-mm-jj"),",",J29,",",M29,"),") -> (15,'PS-15-OZ1','Poste de Sectionnement n°15 OZ1','Sunday-11-jj','Sunday-11-jj',NULL,1,11),
A30: 16 | B30: 28 | C30: OZ1/OZ2 | D30: 1 | E30: =CONCATENATE("PS-",TEXT(A30,"00"),"-",O30) -> PS-16-OZ1 | F30: =CONCATENATE("Poste de Sectionnement n°",TEXT(A30,"00")," ",O30) -> Poste de Sectionnement n°16 OZ1 | G30: 24053 | H30: 24053 | I30: NULL | J30: 1 | K30: Sectionalizing Station | L30: 16 | M30: 11 | O30: OZ1 | P30: 669+302 / 620 | Q30: =VALUE(RIGHT(P30,LEN(P30)-SEARCH("/",P30))) -> 620 | R30: =VALUE(SUBSTITUTE(LEFT(P30,SEARCH("/",P30)-1),"+",",")) -> 669.302 | S30: Rahouia / TIARET | T30: =CONCATENATE("(",A30,",'",E30,"','",F30,"','",TEXT(G30,"aaaa-mm-jj"),"','",TEXT(H30,"aaaa-mm-jj"),"',",TEXT(I30,"aaaa-mm-jj"),",",J30,",",M30,"),") -> (16,'PS-16-OZ1','Poste de Sectionnement n°16 OZ1','Sunday-11-jj','Sunday-11-jj',NULL,1,11),
A31: 17 | B31: 29 | C31: OZ1/OZ2 | D31: 1 | E31: =CONCATENATE("PS-",TEXT(A31,"00"),"-",O31) -> PS-17-OZ1 | F31: =CONCATENATE("Poste de Sectionnement n°",TEXT(A31,"00")," ",O31) -> Poste de Sectionnement n°17 OZ1 | G31: 24053 | H31: 24053 | I31: NULL | J31: 1 | K31: Sectionalizing Station | L31: 16 | M31: 11 | O31: OZ1 | P31: 701+544 / 270 | Q31: =VALUE(RIGHT(P31,LEN(P31)-SEARCH("/",P31))) -> 270 | R31: =VALUE(SUBSTITUTE(LEFT(P31,SEARCH("/",P31)-1),"+",",")) -> 701.544 | S31: Zemmoura / RELIZANE | T31: =CONCATENATE("(",A31,",'",E31,"','",F31,"','",TEXT(G31,"aaaa-mm-jj"),"','",TEXT(H31,"aaaa-mm-jj"),"',",TEXT(I31,"aaaa-mm-jj"),",",J31,",",M31,"),") -> (17,'PS-17-OZ1','Poste de Sectionnement n°17 OZ1','Sunday-11-jj','Sunday-11-jj',NULL,1,11),
A32: 14 | B32: 30 | C32: OZ1/OZ2 | D32: 1 | E32: PRS-OZ1-D | F32: Station de Régulation PRS-OZ1-D | G32: 23743 | H32: 23743 | I32: 43465 | J32: 8 | K32: Regulator Station | L32: 9 | M32: 11 | O32: OZ1 | P32: 705+573 / 498 | Q32: =VALUE(RIGHT(P32,LEN(P32)-SEARCH("/",P32))) -> 498 | R32: =VALUE(SUBSTITUTE(LEFT(P32,SEARCH("/",P32)-1),"+",",")) -> 705.573 | S32: Kenanda / Relizane | T32: =CONCATENATE("(",A32,",'",E32,"','",F32,"','",TEXT(G32,"aaaa-mm-jj"),"','",TEXT(H32,"aaaa-mm-jj"),"',",TEXT(I32,"aaaa-mm-jj"),",",J32,",",M32,"),") -> (14,'PRS-OZ1-D','Station de Régulation PRS-OZ1-D','Friday-01-jj','Friday-01-jj',Monday-12-jj,8,11),
A33: 18 | B33: 31 | C33: OZ1/OZ2 | D33: 1 | E33: =CONCATENATE("PS-",TEXT(A33,"00"),"-",O33) -> PS-18-OZ1 | F33: =CONCATENATE("Poste de Sectionnement n°",TEXT(A33,"00")," ",O33) -> Poste de Sectionnement n°18 OZ1 | G33: 24053 | H33: 24053 | I33: NULL | J33: 1 | K33: Sectionalizing Station | L33: 16 | M33: 11 | O33: OZ1 | P33: 715+885 / 87 | Q33: =VALUE(RIGHT(P33,LEN(P33)-SEARCH("/",P33))) -> 87 | R33: =VALUE(SUBSTITUTE(LEFT(P33,SEARCH("/",P33)-1),"+",",")) -> 715.885 | S33: Bormadia / RELIZANE | T33: =CONCATENATE("(",A33,",'",E33,"','",F33,"','",TEXT(G33,"aaaa-mm-jj"),"','",TEXT(H33,"aaaa-mm-jj"),"',",TEXT(I33,"aaaa-mm-jj"),",",J33,",",M33,"),") -> (18,'PS-18-OZ1','Poste de Sectionnement n°18 OZ1','Sunday-11-jj','Sunday-11-jj',NULL,1,11),
A34: 19 | B34: 32 | C34: OZ1/OZ2 | D34: 1 | E34: =CONCATENATE("PS-",TEXT(A34,"00"),"-",O34) -> PS-19-OZ1 | F34: =CONCATENATE("Poste de Sectionnement n°",TEXT(A34,"00")," ",O34) -> Poste de Sectionnement n°19 OZ1 | G34: 24053 | H34: 24053 | I34: NULL | J34: 1 | K34: Sectionalizing Station | L34: 16 | M34: 11 | O34: OZ1 | P34: 758+279 / 25 | Q34: =VALUE(RIGHT(P34,LEN(P34)-SEARCH("/",P34))) -> 25 | R34: =VALUE(SUBSTITUTE(LEFT(P34,SEARCH("/",P34)-1),"+",",")) -> 758.279 | S34: El Hassiane / MOSTAGANEM | T34: =CONCATENATE("(",A34,",'",E34,"','",F34,"','",TEXT(G34,"aaaa-mm-jj"),"','",TEXT(H34,"aaaa-mm-jj"),"',",TEXT(I34,"aaaa-mm-jj"),",",J34,",",M34,"),") -> (19,'PS-19-OZ1','Poste de Sectionnement n°19 OZ1','Sunday-11-jj','Sunday-11-jj',NULL,1,11),
A35: 20 | B35: 33 | C35: OZ1/OZ2 | D35: 1 | E35: =CONCATENATE("PS-",TEXT(A35,"00"),"-",O35) -> PS-20-OZ1 | F35: =CONCATENATE("Poste de Sectionnement n°",TEXT(A35,"00")," ",O35) -> Poste de Sectionnement n°20 OZ1 | G35: 24053 | H35: 24053 | I35: NULL | J35: 1 | K35: Sectionalizing Station | L35: 16 | M35: 11 | O35: OZ1 | P35: 781+594 / 08 | Q35: =VALUE(RIGHT(P35,LEN(P35)-SEARCH("/",P35))) -> 8 | R35: =VALUE(SUBSTITUTE(LEFT(P35,SEARCH("/",P35)-1),"+",",")) -> 781.594 | S35: El Hassiane / MOSTAGANEM | T35: =CONCATENATE("(",A35,",'",E35,"','",F35,"','",TEXT(G35,"aaaa-mm-jj"),"','",TEXT(H35,"aaaa-mm-jj"),"',",TEXT(I35,"aaaa-mm-jj"),",",J35,",",M35,"),") -> (20,'PS-20-OZ1','Poste de Sectionnement n°20 OZ1','Sunday-11-jj','Sunday-11-jj',NULL,1,11),
A36: 21 | B36: 34 | C36: OZ1/OZ2 | D36: 1 | E36: =CONCATENATE("PS-",TEXT(A36,"00"),"-",O36) -> PS-21-OZ1 | F36: =CONCATENATE("Poste de Sectionnement n°",TEXT(A36,"00")," ",O36) -> Poste de Sectionnement n°21 OZ1 | G36: 24053 | H36: 24053 | I36: NULL | J36: 1 | K36: Sectionalizing Station | L36: 16 | M36: 11 | O36: OZ1 | P36: 781+720 / 08 | Q36: =VALUE(RIGHT(P36,LEN(P36)-SEARCH("/",P36))) -> 8 | R36: =VALUE(SUBSTITUTE(LEFT(P36,SEARCH("/",P36)-1),"+",",")) -> 781.72 | S36: Marsa el hadjej / ORAN | T36: =CONCATENATE("(",A36,",'",E36,"','",F36,"','",TEXT(G36,"aaaa-mm-jj"),"','",TEXT(H36,"aaaa-mm-jj"),"',",I36,",",J36,",",M36,"),") -> (21,'PS-21-OZ1','Poste de Sectionnement n°21 OZ1','Sunday-11-jj','Sunday-11-jj',NULL,1,11),
A37: 1 | B37: 35 | C37: OZ1/OZ2 | D37: 1 | E37: =CONCATENATE("PC-",TEXT(A37,"00"),"-",O37) -> PC-01-OZ2 | F37: =CONCATENATE("Poste de Coupure n°",TEXT(A37,"00")," ",O37) -> Poste de Coupure n°01 OZ2 | G37: 37851 | H37: 37851 | I37: NULL | J37: 1 | K37: Block Valve Station | L37: 15 | M37: 16 | O37: OZ2 | P37: 0 / 169 | Q37: =VALUE(RIGHT(P37,LEN(P37)-SEARCH("/",P37))) -> 169 | R37: =VALUE(SUBSTITUTE(LEFT(P37,SEARCH("/",P37)-1),"+",",")) -> 0 | S37: Hassi Messaoud / OUARGLA | T37: =CONCATENATE("(",A37,",'",E37,"','",F37,"','",TEXT(G37,"aaaa-mm-jj"),"','",TEXT(H37,"aaaa-mm-jj"),"',",I37,",",J37,",",M37,"),") -> (1,'PC-01-OZ2','Poste de Coupure n°01 OZ2','Monday-08-jj','Monday-08-jj',NULL,1,16),
A38: 1 | B38: 36 | C38: OZ1/OZ2 | D38: 1 | E38: SP1-OZ1/OZ2 | F38: =CONCATENATE("Station de Pompage ",E38) -> Station de Pompage SP1-OZ1/OZ2 | G38: 36540 | H38: 37154 | I38: NULL | J38: 1 | K38: Pumping Station | L38: 7 | M38: 16 | O38: OZ2 | P38: 0 / 156 | Q38: =VALUE(RIGHT(P38,LEN(P38)-SEARCH("/",P38))) -> 156 | R38: =VALUE(SUBSTITUTE(LEFT(P38,SEARCH("/",P38)-1),"+",",")) -> 0 | S38: Hassi Messaoud / OUARGLA | T38: =CONCATENATE("(",A38,",'",E38,"','",F38,"','",TEXT(G38,"aaaa-mm-jj"),"','",TEXT(H38,"aaaa-mm-jj"),"',",I38,",",J38,",",M38,"),") -> (1,'SP1-OZ1/OZ2','Station de Pompage SP1-OZ1/OZ2','Saturday-01-jj','Thursday-09-jj',NULL,1,16),
A39: 1 | B39: 37 | C39: OZ1/OZ2 | D39: 1 | E39: =CONCATENATE("PS-",TEXT(A39,"00"),"-",O39) -> PS-01-OZ2 | F39: =CONCATENATE("Poste de Sectionnement n°",TEXT(A39,"00")," ",O39) -> Poste de Sectionnement n°01 OZ2 | G39: 37851 | H39: 37851 | I39: NULL | J39: 1 | K39: Sectionalizing Station | L39: 16 | M39: 16 | O39: OZ2 | P39: 22+000 / 142 | Q39: =VALUE(RIGHT(P39,LEN(P39)-SEARCH("/",P39))) -> 142 | R39: =VALUE(SUBSTITUTE(LEFT(P39,SEARCH("/",P39)-1),"+",",")) -> 22 | S39: Hassi Ben Abdellah /OUARGLA | T39: =CONCATENATE("(",A39,",'",E39,"','",F39,"','",TEXT(G39,"aaaa-mm-jj"),"','",TEXT(H39,"aaaa-mm-jj"),"',",I39,",",J39,",",M39,"),") -> (1,'PS-01-OZ2','Poste de Sectionnement n°01 OZ2','Monday-08-jj','Monday-08-jj',NULL,1,16),
A40: 2 | B40: 38 | C40: OZ1/OZ2 | D40: 1 | E40: =CONCATENATE("PS-",TEXT(A40,"00"),"-",O40) -> PS-02-OZ2 | F40: =CONCATENATE("Poste de Sectionnement n°",TEXT(A40,"00")," ",O40) -> Poste de Sectionnement n°02 OZ2 | G40: 37851 | H40: 37851 | I40: NULL | J40: 1 | K40: Sectionalizing Station | L40: 16 | M40: 16 | O40: OZ2 | P40: 43+900 / 149 | Q40: =VALUE(RIGHT(P40,LEN(P40)-SEARCH("/",P40))) -> 149 | R40: =VALUE(SUBSTITUTE(LEFT(P40,SEARCH("/",P40)-1),"+",",")) -> 43.9 | S40: Ain Beida /OUARGLA | T40: =CONCATENATE("(",A40,",'",E40,"','",F40,"','",TEXT(G40,"aaaa-mm-jj"),"','",TEXT(H40,"aaaa-mm-jj"),"',",I40,",",J40,",",M40,"),") -> (2,'PS-02-OZ2','Poste de Sectionnement n°02 OZ2','Monday-08-jj','Monday-08-jj',NULL,1,16),
A41: 3 | B41: 39 | C41: OZ1/OZ2 | D41: 1 | E41: =CONCATENATE("PS-",TEXT(A41,"00"),"-",O41) -> PS-03-OZ2 | F41: =CONCATENATE("Poste de Sectionnement n°",TEXT(A41,"00")," ",O41) -> Poste de Sectionnement n°03 OZ2 | G41: 37851 | H41: 37851 | I41: NULL | J41: 1 | K41: Sectionalizing Station | L41: 16 | M41: 16 | O41: OZ2 | P41: 73+000 / 186 | Q41: =VALUE(RIGHT(P41,LEN(P41)-SEARCH("/",P41))) -> 186 | R41: =VALUE(SUBSTITUTE(LEFT(P41,SEARCH("/",P41)-1),"+",",")) -> 73 | S41: Ouargla / OUARGLA | T41: =CONCATENATE("(",A41,",'",E41,"','",F41,"','",TEXT(G41,"aaaa-mm-jj"),"','",TEXT(H41,"aaaa-mm-jj"),"',",I41,",",J41,",",M41,"),") -> (3,'PS-03-OZ2','Poste de Sectionnement n°03 OZ2','Monday-08-jj','Monday-08-jj',NULL,1,16),
A42: 4 | B42: 40 | C42: OZ1/OZ2 | D42: 1 | E42: =CONCATENATE("PS-",TEXT(A42,"00"),"-",O42) -> PS-04-OZ2 | F42: =CONCATENATE("Poste de Sectionnement n°",TEXT(A42,"00")," ",O42) -> Poste de Sectionnement n°04 OZ2 | G42: 37851 | H42: 37851 | I42: NULL | J42: 1 | K42: Sectionalizing Station | L42: 16 | M42: 16 | O42: OZ2 | P42: 102+000 / 223 | Q42: =VALUE(RIGHT(P42,LEN(P42)-SEARCH("/",P42))) -> 223 | R42: =VALUE(SUBSTITUTE(LEFT(P42,SEARCH("/",P42)-1),"+",",")) -> 102 | S42: Ouargla / OUARGLA | T42: =CONCATENATE("(",A42,",'",E42,"','",F42,"','",TEXT(G42,"aaaa-mm-jj"),"','",TEXT(H42,"aaaa-mm-jj"),"',",I42,",",J42,",",M42,"),") -> (4,'PS-04-OZ2','Poste de Sectionnement n°04 OZ2','Monday-08-jj','Monday-08-jj',NULL,1,16),
A43: 2 | B43: 41 | C43: OZ1/OZ2 | D43: 1 | E43: SP2-OZ1/OZ2 | F43: =CONCATENATE("Station de Pompage ",E43) -> Station de Pompage SP2-OZ1/OZ2 | G43: 36960 | H43: 37575 | I43: NULL | J43: 1 | K43: Pumping Station | L43: 7 | M43: 16 | O43: OZ2 | P43: 124+800 / 256 | Q43: =VALUE(RIGHT(P43,LEN(P43)-SEARCH("/",P43))) -> 256 | R43: =VALUE(SUBSTITUTE(LEFT(P43,SEARCH("/",P43)-1),"+",",")) -> 124.8 | S43: Ouargla / OUARGLA | T43: =CONCATENATE("(",A43,",'",E43,"','",F43,"','",TEXT(G43,"aaaa-mm-jj"),"','",TEXT(H43,"aaaa-mm-jj"),"',",I43,",",J43,",",M43,"),") -> (2,'SP2-OZ1/OZ2','Station de Pompage SP2-OZ1/OZ2','Saturday-03-jj','Friday-11-jj',NULL,1,16),
A44: 2 | B44: 42 | C44: OZ1/OZ2 | D44: 1 | E44: =CONCATENATE("PC-",TEXT(A44,"00"),"-",O44) -> PC-02-OZ2 | F44: =CONCATENATE("Poste de Coupure n°",TEXT(A44,"00")," ",O44) -> Poste de Coupure n°02 OZ2 | G44: 37851 | H44: 37851 | I44: NULL | J44: 1 | K44: Block Valve Station | L44: 15 | M44: 16 | O44: OZ2 | P44: 127+600 / 245 | Q44: =VALUE(RIGHT(P44,LEN(P44)-SEARCH("/",P44))) -> 245 | R44: =VALUE(SUBSTITUTE(LEFT(P44,SEARCH("/",P44)-1),"+",",")) -> 127.6 | S44: Ouargla / OUARGLA | T44: =CONCATENATE("(",A44,",'",E44,"','",F44,"','",TEXT(G44,"aaaa-mm-jj"),"','",TEXT(H44,"aaaa-mm-jj"),"',",I44,",",J44,",",M44,"),") -> (2,'PC-02-OZ2','Poste de Coupure n°02 OZ2','Monday-08-jj','Monday-08-jj',NULL,1,16),
A45: 5 | B45: 43 | C45: OZ1/OZ2 | D45: 1 | E45: =CONCATENATE("PS-",TEXT(A45,"00"),"-",O45) -> PS-05-OZ2 | F45: =CONCATENATE("Poste de Sectionnement n°",TEXT(A45,"00")," ",O45) -> Poste de Sectionnement n°05 OZ2 | G45: 37851 | H45: 37851 | I45: NULL | J45: 1 | K45: Sectionalizing Station | L45: 16 | M45: 16 | O45: OZ2 | P45: 150+000 / 300 | Q45: =VALUE(RIGHT(P45,LEN(P45)-SEARCH("/",P45))) -> 300 | R45: =VALUE(SUBSTITUTE(LEFT(P45,SEARCH("/",P45)-1),"+",",")) -> 150 | S45: Ouargla / OUARGLA | T45: =CONCATENATE("(",A45,",'",E45,"','",F45,"','",TEXT(G45,"aaaa-mm-jj"),"','",TEXT(H45,"aaaa-mm-jj"),"',",I45,",",J45,",",M45,"),") -> (5,'PS-05-OZ2','Poste de Sectionnement n°05 OZ2','Monday-08-jj','Monday-08-jj',NULL,1,16),
A46: 6 | B46: 44 | C46: OZ1/OZ2 | D46: 1 | E46: =CONCATENATE("PS-",TEXT(A46,"00"),"-",O46) -> PS-06-OZ2 | F46: =CONCATENATE("Poste de Sectionnement n°",TEXT(A46,"00")," ",O46) -> Poste de Sectionnement n°06 OZ2 | G46: 37851 | H46: 37851 | I46: NULL | J46: 1 | K46: Sectionalizing Station | L46: 16 | M46: 16 | O46: OZ2 | P46: 180+000 / 350 | Q46: =VALUE(RIGHT(P46,LEN(P46)-SEARCH("/",P46))) -> 350 | R46: =VALUE(SUBSTITUTE(LEFT(P46,SEARCH("/",P46)-1),"+",",")) -> 180 | S46: Zelfana /GHARDAIA | T46: =CONCATENATE("(",A46,",'",E46,"','",F46,"','",TEXT(G46,"aaaa-mm-jj"),"','",TEXT(H46,"aaaa-mm-jj"),"',",I46,",",J46,",",M46,"),") -> (6,'PS-06-OZ2','Poste de Sectionnement n°06 OZ2','Monday-08-jj','Monday-08-jj',NULL,1,16),
A47: 7 | B47: 45 | C47: OZ1/OZ2 | D47: 1 | E47: =CONCATENATE("PS-",TEXT(A47,"00"),"-",O47) -> PS-07-OZ2 | F47: =CONCATENATE("Poste de Sectionnement n°",TEXT(A47,"00")," ",O47) -> Poste de Sectionnement n°07 OZ2 | G47: 37851 | H47: 37851 | I47: NULL | J47: 1 | K47: Sectionalizing Station | L47: 16 | M47: 16 | O47: OZ2 | P47: 210+000 / 467 | Q47: =VALUE(RIGHT(P47,LEN(P47)-SEARCH("/",P47))) -> 467 | R47: =VALUE(SUBSTITUTE(LEFT(P47,SEARCH("/",P47)-1),"+",",")) -> 210 | S47: Al Atteuf / GHARDAIA | T47: =CONCATENATE("(",A47,",'",E47,"','",F47,"','",TEXT(G47,"aaaa-mm-jj"),"','",TEXT(H47,"aaaa-mm-jj"),"',",I47,",",J47,",",M47,"),") -> (7,'PS-07-OZ2','Poste de Sectionnement n°07 OZ2','Monday-08-jj','Monday-08-jj',NULL,1,16),
A48: 3 | B48: 46 | C48: OZ1/OZ2 | D48: 1 | E48: SP3-OZ1/OZ2 | F48: =CONCATENATE("Station de Pompage ",E48) -> Station de Pompage SP3-OZ1/OZ2 | G48: 37396 | H48: 37985 | I48: NULL | J48: 1 | K48: Pumping Station | L48: 7 | M48: 16 | O48: OZ2 | P48: 218+075 / 495 | Q48: =VALUE(RIGHT(P48,LEN(P48)-SEARCH("/",P48))) -> 495 | R48: =VALUE(SUBSTITUTE(LEFT(P48,SEARCH("/",P48)-1),"+",",")) -> 218.075 | S48: Al Atteuf / GHARDAIA | T48: =CONCATENATE("(",A48,",'",E48,"','",F48,"','",TEXT(G48,"aaaa-mm-jj"),"','",TEXT(H48,"aaaa-mm-jj"),"',",I48,",",J48,",",M48,"),") -> (3,'SP3-OZ1/OZ2','Station de Pompage SP3-OZ1/OZ2','Monday-05-jj','Tuesday-12-jj',NULL,1,16),
A49: 3 | B49: 47 | C49: OZ1/OZ2 | D49: 1 | E49: =CONCATENATE("PC-",TEXT(A49,"00"),"-",O49) -> PC-03-OZ2 | F49: =CONCATENATE("Poste de Coupure n°",TEXT(A49,"00")," ",O49) -> Poste de Coupure n°03 OZ2 | G49: 37851 | H49: 37851 | I49: NULL | J49: 1 | K49: Block Valve Station | L49: 15 | M49: 16 | O49: OZ2 | P49: 220+800 / 497 | Q49: =VALUE(RIGHT(P49,LEN(P49)-SEARCH("/",P49))) -> 497 | R49: =VALUE(SUBSTITUTE(LEFT(P49,SEARCH("/",P49)-1),"+",",")) -> 220.8 | S49: Al Atteuf / GHARDAIA | T49: =CONCATENATE("(",A49,",'",E49,"','",F49,"','",TEXT(G49,"aaaa-mm-jj"),"','",TEXT(H49,"aaaa-mm-jj"),"',",I49,",",J49,",",M49,"),") -> (3,'PC-03-OZ2','Poste de Coupure n°03 OZ2','Monday-08-jj','Monday-08-jj',NULL,1,16),
A50: 8 | B50: 48 | C50: OZ1/OZ2 | D50: 1 | E50: =CONCATENATE("PS-",TEXT(A50,"00"),"-",O50) -> PS-08-OZ2 | F50: =CONCATENATE("Poste de Sectionnement n°",TEXT(A50,"00")," ",O50) -> Poste de Sectionnement n°08 OZ2 | G50: 37851 | H50: 37851 | I50: NULL | J50: 1 | K50: Sectionalizing Station | L50: 16 | M50: 16 | O50: OZ2 | P50: 236+500 / 566 | Q50: =VALUE(RIGHT(P50,LEN(P50)-SEARCH("/",P50))) -> 566 | R50: =VALUE(SUBSTITUTE(LEFT(P50,SEARCH("/",P50)-1),"+",",")) -> 236.5 | S50: Ghardaia / GHARDAIA | T50: =CONCATENATE("(",A50,",'",E50,"','",F50,"','",TEXT(G50,"aaaa-mm-jj"),"','",TEXT(H50,"aaaa-mm-jj"),"',",I50,",",J50,",",M50,"),") -> (8,'PS-08-OZ2','Poste de Sectionnement n°08 OZ2','Monday-08-jj','Monday-08-jj',NULL,1,16),
A51: 9 | B51: 49 | C51: OZ1/OZ2 | D51: 1 | E51: =CONCATENATE("PS-",TEXT(A51,"00"),"-",O51) -> PS-09-OZ2 | F51: =CONCATENATE("Poste de Sectionnement n°",TEXT(A51,"00")," ",O51) -> Poste de Sectionnement n°09 OZ2 | G51: 37851 | H51: 37851 | I51: NULL | J51: 1 | K51: Sectionalizing Station | L51: 16 | M51: 16 | O51: OZ2 | P51: 265+750 / 688 | Q51: =VALUE(RIGHT(P51,LEN(P51)-SEARCH("/",P51))) -> 688 | R51: =VALUE(SUBSTITUTE(LEFT(P51,SEARCH("/",P51)-1),"+",",")) -> 265.75 | S51: Ben Dhaou / GHARDAIA | T51: =CONCATENATE("(",A51,",'",E51,"','",F51,"','",TEXT(G51,"aaaa-mm-jj"),"','",TEXT(H51,"aaaa-mm-jj"),"',",TEXT(I51,"aaaa-mm-jj"),",",J51,",",M51,"),") -> (9,'PS-09-OZ2','Poste de Sectionnement n°09 OZ2','Monday-08-jj','Monday-08-jj',NULL,1,16),
A52: 10 | B52: 50 | C52: OZ1/OZ2 | D52: 1 | E52: =CONCATENATE("PS-",TEXT(A52,"00"),"-",O52) -> PS-10-OZ2 | F52: =CONCATENATE("Poste de Sectionnement n°",TEXT(A52,"00")," ",O52) -> Poste de Sectionnement n°10 OZ2 | G52: 37851 | H52: 37851 | I52: NULL | J52: 1 | K52: Sectionalizing Station | L52: 16 | M52: 16 | O52: OZ2 | P52: 295+500 / 756 | Q52: =VALUE(RIGHT(P52,LEN(P52)-SEARCH("/",P52))) -> 756 | R52: =VALUE(SUBSTITUTE(LEFT(P52,SEARCH("/",P52)-1),"+",",")) -> 295.5 | S52: Hassi R’mel / LAGHOUAT | T52: =CONCATENATE("(",A52,",'",E52,"','",F52,"','",TEXT(G52,"aaaa-mm-jj"),"','",TEXT(H52,"aaaa-mm-jj"),"',",TEXT(I52,"aaaa-mm-jj"),",",J52,",",M52,"),") -> (10,'PS-10-OZ2','Poste de Sectionnement n°10 OZ2','Monday-08-jj','Monday-08-jj',NULL,1,16),
A53: 4 | B53: 51 | C53: OZ1/OZ2 | D53: 1 | E53: SP4-OZ1/OZ2 | F53: =CONCATENATE("Station de Pompage ",E53) -> Station de Pompage SP4-OZ1/OZ2 | G53: 37848 | H53: 38433 | I53: NULL | J53: 1 | K53: Pumping Station | L53: 7 | M53: 11 | O53: OZ2 | P53: 306+000 / 777 | Q53: =VALUE(RIGHT(P53,LEN(P53)-SEARCH("/",P53))) -> 777 | R53: =VALUE(SUBSTITUTE(LEFT(P53,SEARCH("/",P53)-1),"+",",")) -> 306 | S53: Hassi R’Mel / LAGHOUAT | T53: =CONCATENATE("(",A53,",'",E53,"','",F53,"','",TEXT(G53,"aaaa-mm-jj"),"','",TEXT(H53,"aaaa-mm-jj"),"',",TEXT(I53,"aaaa-mm-jj"),",",J53,",",M53,"),") -> (4,'SP4-OZ1/OZ2','Station de Pompage SP4-OZ1/OZ2','Friday-08-jj','Tuesday-03-jj',NULL,1,11),
A54: 4 | B54: 52 | C54: OZ1/OZ2 | D54: 1 | E54: =CONCATENATE("PC-",TEXT(A54,"00"),"-",O54) -> PC-04-OZ2 | F54: =CONCATENATE("Poste de Coupure n°",TEXT(A54,"00")," ",O54) -> Poste de Coupure n°04 OZ2 | G54: 37851 | H54: 37851 | I54: NULL | J54: 1 | K54: Block Valve Station | L54: 15 | M54: 11 | O54: OZ2 | P54: 307+900 / 778 | Q54: =VALUE(RIGHT(P54,LEN(P54)-SEARCH("/",P54))) -> 778 | R54: =VALUE(SUBSTITUTE(LEFT(P54,SEARCH("/",P54)-1),"+",",")) -> 307.9 | S54: Hassi R’Mel / LAGHOUAT | T54: =CONCATENATE("(",A54,",'",E54,"','",F54,"','",TEXT(G54,"aaaa-mm-jj"),"','",TEXT(H54,"aaaa-mm-jj"),"',",TEXT(I54,"aaaa-mm-jj"),",",J54,",",M54,"),") -> (4,'PC-04-OZ2','Poste de Coupure n°04 OZ2','Monday-08-jj','Monday-08-jj',NULL,1,11),
A55: 11 | B55: 53 | C55: OZ1/OZ2 | D55: 1 | E55: =CONCATENATE("PS-",TEXT(A55,"00"),"-",O55) -> PS-11-OZ2 | F55: =CONCATENATE("Poste de Sectionnement n°",TEXT(A55,"00")," ",O55) -> Poste de Sectionnement n°11 OZ2 | G55: 37851 | H55: 37851 | I55: NULL | J55: 1 | K55: Sectionalizing Station | L55: 16 | M55: 11 | O55: OZ2 | P55: 330+000 / 766 | Q55: =VALUE(RIGHT(P55,LEN(P55)-SEARCH("/",P55))) -> 766 | R55: =VALUE(SUBSTITUTE(LEFT(P55,SEARCH("/",P55)-1),"+",",")) -> 330 | S55: Hassi R’mel / LAGHOUAT | T55: =CONCATENATE("(",A55,",'",E55,"','",F55,"','",TEXT(G55,"aaaa-mm-jj"),"','",TEXT(H55,"aaaa-mm-jj"),"',",I55,",",J55,",",M55,"),") -> (11,'PS-11-OZ2','Poste de Sectionnement n°11 OZ2','Monday-08-jj','Monday-08-jj',NULL,1,11),
A56: 12 | B56: 54 | C56: OZ1/OZ2 | D56: 1 | E56: =CONCATENATE("PS-",TEXT(A56,"00"),"-",O56) -> PS-12-OZ2 | F56: =CONCATENATE("Poste de Sectionnement n°",TEXT(A56,"00")," ",O56) -> Poste de Sectionnement n°12 OZ2 | G56: 37851 | H56: 37851 | I56: NULL | J56: 1 | K56: Sectionalizing Station | L56: 16 | M56: 11 | O56: OZ2 | P56: 360+000 / 848 | Q56: =VALUE(RIGHT(P56,LEN(P56)-SEARCH("/",P56))) -> 848 | R56: =VALUE(SUBSTITUTE(LEFT(P56,SEARCH("/",P56)-1),"+",",")) -> 360 | S56: Bennaceur Benchohra / LAGHOUAT | T56: =CONCATENATE("(",A56,",'",E56,"','",F56,"','",TEXT(G56,"aaaa-mm-jj"),"','",TEXT(H56,"aaaa-mm-jj"),"',",I56,",",J56,",",M56,"),") -> (12,'PS-12-OZ2','Poste de Sectionnement n°12 OZ2','Monday-08-jj','Monday-08-jj',NULL,1,11),
A57: 13 | B57: 55 | C57: OZ1/OZ2 | D57: 1 | E57: =CONCATENATE("PS-",TEXT(A57,"00"),"-",O57) -> PS-13-OZ2 | F57: =CONCATENATE("Poste de Sectionnement n°",TEXT(A57,"00")," ",O57) -> Poste de Sectionnement n°13 OZ2 | G57: 37851 | H57: 37851 | I57: NULL | J57: 1 | K57: Sectionalizing Station | L57: 16 | M57: 11 | O57: OZ2 | P57: 390+000 / 790 | Q57: =VALUE(RIGHT(P57,LEN(P57)-SEARCH("/",P57))) -> 790 | R57: =VALUE(SUBSTITUTE(LEFT(P57,SEARCH("/",P57)-1),"+",",")) -> 390 | S57: Laghouat / LAGHOUAT | T57: =CONCATENATE("(",A57,",'",E57,"','",F57,"','",TEXT(G57,"aaaa-mm-jj"),"','",TEXT(H57,"aaaa-mm-jj"),"',",I57,",",J57,",",M57,"),") -> (13,'PS-13-OZ2','Poste de Sectionnement n°13 OZ2','Monday-08-jj','Monday-08-jj',NULL,1,11),
A58: 5 | B58: 56 | C58: OZ1/OZ2 | D58: 1 | E58: SP5-OZ1/OZ2 | F58: =CONCATENATE("Station de Pompage ",E58) -> Station de Pompage SP5-OZ1/OZ2 | G58: 38265 | H58: 38886 | I58: NULL | J58: 1 | K58: Pumping Station | L58: 7 | M58: 11 | O58: OZ2 | P58: 415+100 / 885 | Q58: =VALUE(RIGHT(P58,LEN(P58)-SEARCH("/",P58))) -> 885 | R58: =VALUE(SUBSTITUTE(LEFT(P58,SEARCH("/",P58)-1),"+",",")) -> 415.1 | S58: Milok / Tadjemout / LAGHOUAT | T58: =CONCATENATE("(",A58,",'",E58,"','",F58,"','",TEXT(G58,"aaaa-mm-jj"),"','",TEXT(H58,"aaaa-mm-jj"),"',",I58,",",J58,",",M58,"),") -> (5,'SP5-OZ1/OZ2','Station de Pompage SP5-OZ1/OZ2','Tuesday-10-jj','Sunday-06-jj',NULL,1,11),
A59: 5 | B59: 57 | C59: OZ1/OZ2 | D59: 1 | E59: =CONCATENATE("PC-",TEXT(A59,"00"),"-",O59) -> PC-05-OZ2 | F59: =CONCATENATE("Poste de Coupure n°",TEXT(A59,"00")," ",O59) -> Poste de Coupure n°05 OZ2 | G59: 37851 | H59: 37851 | I59: NULL | J59: 1 | K59: Block Valve Station | L59: 15 | M59: 11 | O59: OZ2 | P59: 417+200 / 890 | Q59: =VALUE(RIGHT(P59,LEN(P59)-SEARCH("/",P59))) -> 890 | R59: =VALUE(SUBSTITUTE(LEFT(P59,SEARCH("/",P59)-1),"+",",")) -> 417.2 | S59: Milok / Tadjemout / LAGHOUAT | T59: =CONCATENATE("(",A59,",'",E59,"','",F59,"','",TEXT(G59,"aaaa-mm-jj"),"','",TEXT(H59,"aaaa-mm-jj"),"',",I59,",",J59,",",M59,"),") -> (5,'PC-05-OZ2','Poste de Coupure n°05 OZ2','Monday-08-jj','Monday-08-jj',NULL,1,11),
A60: 14 | B60: 58 | C60: OZ1/OZ2 | D60: 1 | E60: =CONCATENATE("PS-",TEXT(A60,"00"),"-",O60) -> PS-14-OZ2 | F60: =CONCATENATE("Poste de Sectionnement n°",TEXT(A60,"00")," ",O60) -> Poste de Sectionnement n°14 OZ2 | G60: 37851 | H60: 37851 | I60: NULL | J60: 1 | K60: Sectionalizing Station | L60: 16 | M60: 11 | O60: OZ2 | P60: 445+000 / 1050 | Q60: =VALUE(RIGHT(P60,LEN(P60)-SEARCH("/",P60))) -> 1050 | R60: =VALUE(SUBSTITUTE(LEFT(P60,SEARCH("/",P60)-1),"+",",")) -> 445 | S60: LAGHOUAT | T60: =CONCATENATE("(",A60,",'",E60,"','",F60,"','",TEXT(G60,"aaaa-mm-jj"),"','",TEXT(H60,"aaaa-mm-jj"),"',",I60,",",J60,",",M60,"),") -> (14,'PS-14-OZ2','Poste de Sectionnement n°14 OZ2','Monday-08-jj','Monday-08-jj',NULL,1,11),
A61: 15 | B61: 59 | C61: OZ1/OZ2 | D61: 1 | E61: =CONCATENATE("PS-",TEXT(A61,"00"),"-",O61) -> PS-15-OZ2 | F61: =CONCATENATE("Poste de Sectionnement n°",TEXT(A61,"00")," ",O61) -> Poste de Sectionnement n°15 OZ2 | G61: 37851 | H61: 37851 | I61: NULL | J61: 1 | K61: Sectionalizing Station | L61: 16 | M61: 11 | O61: OZ2 | P61: 475+000 / 1215 | Q61: =VALUE(RIGHT(P61,LEN(P61)-SEARCH("/",P61))) -> 1215 | R61: =VALUE(SUBSTITUTE(LEFT(P61,SEARCH("/",P61)-1),"+",",")) -> 475 | S61: Aflou / LAGHOUAT | T61: =CONCATENATE("(",A61,",'",E61,"','",F61,"','",TEXT(G61,"aaaa-mm-jj"),"','",TEXT(H61,"aaaa-mm-jj"),"',",TEXT(I61,"aaaa-mm-jj"),",",J61,",",M61,"),") -> (15,'PS-15-OZ2','Poste de Sectionnement n°15 OZ2','Monday-08-jj','Monday-08-jj',NULL,1,11),
A62: 16 | B62: 60 | C62: OZ1/OZ2 | D62: 1 | E62: =CONCATENATE("PS-",TEXT(A62,"00"),"-",O62) -> PS-16-OZ2 | F62: =CONCATENATE("Poste de Sectionnement n°",TEXT(A62,"00")," ",O62) -> Poste de Sectionnement n°16 OZ2 | G62: 37851 | H62: 37851 | I62: NULL | J62: 1 | K62: Sectionalizing Station | L62: 16 | M62: 11 | O62: OZ2 | P62: 505+000 / 986 | Q62: =VALUE(RIGHT(P62,LEN(P62)-SEARCH("/",P62))) -> 986 | R62: =VALUE(SUBSTITUTE(LEFT(P62,SEARCH("/",P62)-1),"+",",")) -> 505 | S62: O.Touil / DJELFA | T62: =CONCATENATE("(",A62,",'",E62,"','",F62,"','",TEXT(G62,"aaaa-mm-jj"),"','",TEXT(H62,"aaaa-mm-jj"),"',",I62,",",J62,",",M62,"),") -> (16,'PS-16-OZ2','Poste de Sectionnement n°16 OZ2','Monday-08-jj','Monday-08-jj',NULL,1,11),
A63: 6 | B63: 61 | C63: OZ1/OZ2 | D63: 1 | E63: SP6-OZ1/OZ2 | F63: =CONCATENATE("Station de Pompage ",E63) -> Station de Pompage SP6-OZ1/OZ2 | G63: 38698 | H63: 39319 | I63: NULL | J63: 1 | K63: Pumping Station | L63: 7 | M63: 11 | O63: OZ2 | P63: 534+900 / 973 | Q63: =VALUE(RIGHT(P63,LEN(P63)-SEARCH("/",P63))) -> 973 | R63: =VALUE(SUBSTITUTE(LEFT(P63,SEARCH("/",P63)-1),"+",",")) -> 534.9 | S63: Djebil / Faidja / TIARET | T63: =CONCATENATE("(",A63,",'",E63,"','",F63,"','",TEXT(G63,"aaaa-mm-jj"),"','",TEXT(H63,"aaaa-mm-jj"),"',",I63,",",J63,",",M63,"),") -> (6,'SP6-OZ1/OZ2','Station de Pompage SP6-OZ1/OZ2','Monday-12-jj','Saturday-08-jj',NULL,1,11),
A64: 6 | B64: 62 | C64: OZ1/OZ2 | D64: 1 | E64: =CONCATENATE("PC-",TEXT(A64,"00"),"-",O64) -> PC-06-OZ2 | F64: =CONCATENATE("Poste de Coupure n°",TEXT(A64,"00")," ",O64) -> Poste de Coupure n°06 OZ2 | G64: 37851 | H64: 37851 | I64: NULL | J64: 1 | K64: Block Valve Station | L64: 15 | M64: 11 | O64: OZ2 | P64: 538+200 / 1015 | Q64: =VALUE(RIGHT(P64,LEN(P64)-SEARCH("/",P64))) -> 1015 | R64: =VALUE(SUBSTITUTE(LEFT(P64,SEARCH("/",P64)-1),"+",",")) -> 538.2 | S64: Djebil / Faidja / TIARET | T64: =CONCATENATE("(",A64,",'",E64,"','",F64,"','",TEXT(G64,"aaaa-mm-jj"),"','",TEXT(H64,"aaaa-mm-jj"),"',",TEXT(I64,"aaaa-mm-jj"),",",J64,",",M64,"),") -> (6,'PC-06-OZ2','Poste de Coupure n°06 OZ2','Monday-08-jj','Monday-08-jj',NULL,1,11),
A65: 17 | B65: 63 | C65: OZ1/OZ2 | D65: 1 | E65: =CONCATENATE("PS-",TEXT(A65,"00"),"-",O65) -> PS-17-OZ2 | F65: =CONCATENATE("Poste de Sectionnement n°",TEXT(A65,"00")," ",O65) -> Poste de Sectionnement n°17 OZ2 | G65: 37851 | H65: 37851 | I65: NULL | J65: 1 | K65: Sectionalizing Station | L65: 16 | M65: 11 | O65: OZ2 | P65: 564+500 / 1132 | Q65: =VALUE(RIGHT(P65,LEN(P65)-SEARCH("/",P65))) -> 1132 | R65: =VALUE(SUBSTITUTE(LEFT(P65,SEARCH("/",P65)-1),"+",",")) -> 564.5 | S65: Ain Dheb / TIARET | T65: =CONCATENATE("(",A65,",'",E65,"','",F65,"','",TEXT(G65,"aaaa-mm-jj"),"','",TEXT(H65,"aaaa-mm-jj"),"',",TEXT(I65,"aaaa-mm-jj"),",",J65,",",M65,"),") -> (17,'PS-17-OZ2','Poste de Sectionnement n°17 OZ2','Monday-08-jj','Monday-08-jj',NULL,1,11),
A66: 18 | B66: 64 | C66: OZ1/OZ2 | D66: 1 | E66: =CONCATENATE("PS-",TEXT(A66,"00"),"-",O66) -> PS-18-OZ2 | F66: =CONCATENATE("Poste de Sectionnement n°",TEXT(A66,"00")," ",O66) -> Poste de Sectionnement n°18 OZ2 | G66: 37851 | H66: 37851 | I66: NULL | J66: 1 | K66: Sectionalizing Station | L66: 16 | M66: 11 | O66: OZ2 | P66: 594+000 / 1225 | Q66: =VALUE(RIGHT(P66,LEN(P66)-SEARCH("/",P66))) -> 1225 | R66: =VALUE(SUBSTITUTE(LEFT(P66,SEARCH("/",P66)-1),"+",",")) -> 594 | S66: Nador / TIARET | T66: =CONCATENATE("(",A66,",'",E66,"','",F66,"','",TEXT(G66,"aaaa-mm-jj"),"','",TEXT(H66,"aaaa-mm-jj"),"',",TEXT(I66,"aaaa-mm-jj"),",",J66,",",M66,"),") -> (18,'PS-18-OZ2','Poste de Sectionnement n°18 OZ2','Monday-08-jj','Monday-08-jj',NULL,1,11),
A67: 19 | B67: 65 | C67: OZ1/OZ2 | D67: 1 | E67: =CONCATENATE("PS-",TEXT(A67,"00"),"-",O67) -> PS-19-OZ2 | F67: =CONCATENATE("Poste de Sectionnement n°",TEXT(A67,"00")," ",O67) -> Poste de Sectionnement n°19 OZ2 | G67: 37851 | H67: 37851 | I67: NULL | J67: 1 | K67: Sectionalizing Station | L67: 16 | M67: 11 | O67: OZ2 | P67: 624+000 / 997 | Q67: =VALUE(RIGHT(P67,LEN(P67)-SEARCH("/",P67))) -> 997 | R67: =VALUE(SUBSTITUTE(LEFT(P67,SEARCH("/",P67)-1),"+",",")) -> 624 | S67: Tiaret / TIARET | T67: =CONCATENATE("(",A67,",'",E67,"','",F67,"','",TEXT(G67,"aaaa-mm-jj"),"','",TEXT(H67,"aaaa-mm-jj"),"',",TEXT(I67,"aaaa-mm-jj"),",",J67,",",M67,"),") -> (19,'PS-19-OZ2','Poste de Sectionnement n°19 OZ2','Monday-08-jj','Monday-08-jj',NULL,1,11),
A68: 20 | B68: 66 | C68: OZ1/OZ2 | D68: 1 | E68: =CONCATENATE("PS-",TEXT(A68,"00"),"-",O68) -> PS-20-OZ2 | F68: =CONCATENATE("Poste de Sectionnement n°",TEXT(A68,"00")," ",O68) -> Poste de Sectionnement n°20 OZ2 | G68: 37851 | H68: 37851 | I68: NULL | J68: 1 | K68: Sectionalizing Station | L68: 16 | M68: 11 | O68: OZ2 | P68: 654+000 / 599 | Q68: =VALUE(RIGHT(P68,LEN(P68)-SEARCH("/",P68))) -> 599 | R68: =VALUE(SUBSTITUTE(LEFT(P68,SEARCH("/",P68)-1),"+",",")) -> 654 | S68: Temda / TIARET | T68: =CONCATENATE("(",A68,",'",E68,"','",F68,"','",TEXT(G68,"aaaa-mm-jj"),"','",TEXT(H68,"aaaa-mm-jj"),"',",TEXT(I68,"aaaa-mm-jj"),",",J68,",",M68,"),") -> (20,'PS-20-OZ2','Poste de Sectionnement n°20 OZ2','Monday-08-jj','Monday-08-jj',NULL,1,11),
A69: 21 | B69: 67 | C69: OZ1/OZ2 | D69: 1 | E69: =CONCATENATE("PS-",TEXT(A69,"00"),"-",O69) -> PS-21-OZ2 | F69: =CONCATENATE("Poste de Sectionnement n°",TEXT(A69,"00")," ",O69) -> Poste de Sectionnement n°21 OZ2 | G69: 37851 | H69: 37851 | I69: NULL | J69: 1 | K69: Sectionalizing Station | L69: 16 | M69: 11 | O69: OZ2 | P69: 684+000 / 553 | Q69: =VALUE(RIGHT(P69,LEN(P69)-SEARCH("/",P69))) -> 553 | R69: =VALUE(SUBSTITUTE(LEFT(P69,SEARCH("/",P69)-1),"+",",")) -> 684 | S69: Kenenda / RELIZANE | T69: =CONCATENATE("(",A69,",'",E69,"','",F69,"','",TEXT(G69,"aaaa-mm-jj"),"','",TEXT(H69,"aaaa-mm-jj"),"',",TEXT(I69,"aaaa-mm-jj"),",",J69,",",M69,"),") -> (21,'PS-21-OZ2','Poste de Sectionnement n°21 OZ2','Monday-08-jj','Monday-08-jj',NULL,1,11),
A70: 7 | B70: 68 | C70: OZ1/OZ2 | D70: 1 | E70: PRS-OZ1/OZ2 | F70: Station de Régulation PRS-OZ1/OZ2 | G70: 38796 | H70: 39396 | I70: NULL | J70: 1 | K70: Regulator Station | L70: 9 | M70: 11 | O70: OZ2 | P70: 705+573 / 498 | Q70: =VALUE(RIGHT(P70,LEN(P70)-SEARCH("/",P70))) -> 498 | R70: =VALUE(SUBSTITUTE(LEFT(P70,SEARCH("/",P70)-1),"+",",")) -> 705.573 | S70: Kenanda / Relizane | T70: =CONCATENATE("(",A70,",'",E70,"','",F70,"','",TEXT(G70,"aaaa-mm-jj"),"','",TEXT(H70,"aaaa-mm-jj"),"',",I70,",",J70,",",M70,"),") -> (7,'PRS-OZ1/OZ2','Station de Régulation PRS-OZ1/OZ2','Monday-03-jj','Saturday-11-jj',NULL,1,11),
A71: 22 | B71: 69 | C71: OZ1/OZ2 | D71: 1 | E71: =CONCATENATE("PS-",TEXT(A71,"00"),"-",O71) -> PS-22-OZ2 | F71: =CONCATENATE("Poste de Sectionnement n°",TEXT(A71,"00")," ",O71) -> Poste de Sectionnement n°22 OZ2 | G71: 37851 | H71: 37851 | I71: NULL | J71: 1 | K71: Sectionalizing Station | L71: 16 | M71: 11 | O71: OZ2 | P71: 714+000 / 146 | Q71: =VALUE(RIGHT(P71,LEN(P71)-SEARCH("/",P71))) -> 146 | R71: =VALUE(SUBSTITUTE(LEFT(P71,SEARCH("/",P71)-1),"+",",")) -> 714 | S71: Bormadia / RELIZANE | T71: =CONCATENATE("(",A71,",'",E71,"','",F71,"','",TEXT(G71,"aaaa-mm-jj"),"','",TEXT(H71,"aaaa-mm-jj"),"',",I71,",",J71,",",M71,"),") -> (22,'PS-22-OZ2','Poste de Sectionnement n°22 OZ2','Monday-08-jj','Monday-08-jj',NULL,1,11),
A72: 23 | B72: 70 | C72: OZ1/OZ2 | D72: 1 | E72: =CONCATENATE("PS-",TEXT(A72,"00"),"-",O72) -> PS-23-OZ2 | F72: =CONCATENATE("Poste de Sectionnement n°",TEXT(A72,"00")," ",O72) -> Poste de Sectionnement n°23 OZ2 | G72: 37851 | H72: 37851 | I72: NULL | J72: 1 | K72: Sectionalizing Station | L72: 16 | M72: 11 | O72: OZ2 | P72: 744+000 / 150 | Q72: =VALUE(RIGHT(P72,LEN(P72)-SEARCH("/",P72))) -> 150 | R72: =VALUE(SUBSTITUTE(LEFT(P72,SEARCH("/",P72)-1),"+",",")) -> 744 | S72: Yellel / RELIZANE | T72: =CONCATENATE("(",A72,",'",E72,"','",F72,"','",TEXT(G72,"aaaa-mm-jj"),"','",TEXT(H72,"aaaa-mm-jj"),"',",I72,",",J72,",",M72,"),") -> (23,'PS-23-OZ2','Poste de Sectionnement n°23 OZ2','Monday-08-jj','Monday-08-jj',NULL,1,11),
A73: 24 | B73: 71 | C73: OZ1/OZ2 | D73: 1 | E73: =CONCATENATE("PS-",TEXT(A73,"00"),"-",O73) -> PS-24-OZ2 | F73: =CONCATENATE("Poste de Sectionnement n°",TEXT(A73,"00")," ",O73) -> Poste de Sectionnement n°24 OZ2 | G73: 37851 | H73: 37851 | I73: NULL | J73: 1 | K73: Sectionalizing Station | L73: 16 | M73: 11 | O73: OZ2 | P73: 774+000 / 26 | Q73: =VALUE(RIGHT(P73,LEN(P73)-SEARCH("/",P73))) -> 26 | R73: =VALUE(SUBSTITUTE(LEFT(P73,SEARCH("/",P73)-1),"+",",")) -> 774 | S73: El Hassiane / MOSTAGANEM | T73: =CONCATENATE("(",A73,",'",E73,"','",F73,"','",TEXT(G73,"aaaa-mm-jj"),"','",TEXT(H73,"aaaa-mm-jj"),"',",I73,",",J73,",",M73,"),") -> (24,'PS-24-OZ2','Poste de Sectionnement n°24 OZ2','Monday-08-jj','Monday-08-jj',NULL,1,11),
A74: 25 | B74: 72 | C74: OZ1/OZ2 | D74: 1 | E74: =CONCATENATE("PS-",TEXT(A74,"00"),"-",O74) -> PS-25-OZ2 | F74: =CONCATENATE("Poste de Sectionnement n°",TEXT(A74,"00")," ",O74) -> Poste de Sectionnement n°25 OZ2 | G74: 37851 | H74: 37851 | I74: NULL | J74: 1 | K74: Sectionalizing Station | L74: 16 | M74: 11 | O74: OZ2 | P74: 804+000 / 196 | Q74: =VALUE(RIGHT(P74,LEN(P74)-SEARCH("/",P74))) -> 196 | R74: =VALUE(SUBSTITUTE(LEFT(P74,SEARCH("/",P74)-1),"+",",")) -> 804 | S74: Granine / ORAN | T74: =CONCATENATE("(",A74,",'",E74,"','",F74,"','",TEXT(G74,"aaaa-mm-jj"),"','",TEXT(H74,"aaaa-mm-jj"),"',",I74,",",J74,",",M74,"),") -> (25,'PS-25-OZ2','Poste de Sectionnement n°25 OZ2','Monday-08-jj','Monday-08-jj',NULL,1,11),
A75: 1 | B75: 73 | C75: OK1 | D75: 2 | E75: =CONCATENATE("PS-",TEXT(A75,"00"),"-",O75) -> PS-01-OK1 | F75: =CONCATENATE("Poste de Sectionnement n°",TEXT(A75,"00")," ",O75) -> Poste de Sectionnement n°01 OK1 | G75: 26299 | H75: 26299 | I75: NULL | J75: 1 | K75: Sectionalizing Station | L75: 16 | M75: 13 | O75: OK1 | P75: 00+000 / 159 | Q75: =VALUE(RIGHT(P75,LEN(P75)-SEARCH("/",P75))) -> 159 | R75: =VALUE(SUBSTITUTE(LEFT(P75,SEARCH("/",P75)-1),"+",",")) -> 0 | S75: Hassi Messaoud / Hassi Messaoud / OUARGLA | T75: =CONCATENATE("(",A75,",'",E75,"','",F75,"','",TEXT(G75,"aaaa-mm-jj"),"','",TEXT(H75,"aaaa-mm-jj"),"',",I75,",",J75,",",M75,"),") -> (1,'PS-01-OK1','Poste de Sectionnement n°01 OK1','Saturday-01-jj','Saturday-01-jj',NULL,1,13),
A76: 2 | B76: 74 | C76: OK1 | D76: 2 | E76: R-SP1-OK1 | F76: Station de Pompage RSP1-OK1 | G76: 40278 | H76: 40923 | I76: NULL | J76: 1 | K76: Pumping Station | L76: 7 | M76: 12 | O76: OK1 | P76: 0 / 159 | Q76: =VALUE(RIGHT(P76,LEN(P76)-SEARCH("/",P76))) -> 159 | R76: =VALUE(SUBSTITUTE(LEFT(P76,SEARCH("/",P76)-1),"+",",")) -> 0 | S76: Hassi Messaoud / Hassi Messaoud / OUARGLA | T76: =CONCATENATE("(",A76,",'",E76,"','",F76,"','",TEXT(G76,"aaaa-mm-jj"),"','",TEXT(H76,"aaaa-mm-jj"),"',",I76,",",J76,",",M76,"),") -> (2,'R-SP1-OK1','Station de Pompage RSP1-OK1','Saturday-04-jj','Sunday-01-jj',NULL,1,12),
A77: 1 | B77: 75 | C77: OK1 | D77: 2 | E77: SP1-OK1 | F77: Station de Pompage SP1-OK1 | G77: 37057 | H77: 37672 | I77: NULL | J77: 1 | K77: Pumping Station | L77: 7 | M77: 12 | O77: OK1 | P77: 0 / 159 | Q77: =VALUE(RIGHT(P77,LEN(P77)-SEARCH("/",P77))) -> 159 | R77: =VALUE(SUBSTITUTE(LEFT(P77,SEARCH("/",P77)-1),"+",",")) -> 0 | S77: Hassi Messaoud / Hassi Messaoud / OUARGLA | T77: =CONCATENATE("(",A77,",'",E77,"','",F77,"','",TEXT(G77,"aaaa-mm-jj"),"','",TEXT(H77,"aaaa-mm-jj"),"',",I77,",",J77,",",M77,"),") -> (1,'SP1-OK1','Station de Pompage SP1-OK1','Friday-06-jj','Thursday-02-jj',NULL,1,12),
A78: 2 | B78: 76 | C78: OK1 | D78: 2 | E78: =CONCATENATE("PS-",TEXT(A78,"00"),"-",O78) -> PS-02-OK1 | F78: =CONCATENATE("Poste de Sectionnement n°",TEXT(A78,"00")," ",O78) -> Poste de Sectionnement n°02 OK1 | G78: 26299 | H78: 26299 | I78: NULL | J78: 1 | K78: Sectionalizing Station | L78: 16 | M78: 13 | O78: OK1 | P78: 32+000 / 160 | Q78: =VALUE(RIGHT(P78,LEN(P78)-SEARCH("/",P78))) -> 160 | R78: =VALUE(SUBSTITUTE(LEFT(P78,SEARCH("/",P78)-1),"+",",")) -> 32 | S78: Hassi Ben Abdellah / Sidi Khouiled / OUARGLA | T78: =CONCATENATE("(",A78,",'",E78,"','",F78,"','",TEXT(G78,"aaaa-mm-jj"),"','",TEXT(H78,"aaaa-mm-jj"),"',",I78,",",J78,",",M78,"),") -> (2,'PS-02-OK1','Poste de Sectionnement n°02 OK1','Saturday-01-jj','Saturday-01-jj',NULL,1,13),
A79: 3 | B79: 77 | C79: OK1 | D79: 2 | E79: =CONCATENATE("PS-",TEXT(A79,"00"),"-",O79) -> PS-03-OK1 | F79: =CONCATENATE("Poste de Sectionnement n°",TEXT(A79,"00")," ",O79) -> Poste de Sectionnement n°03 OK1 | G79: 26299 | H79: 26299 | I79: NULL | J79: 1 | K79: Sectionalizing Station | L79: 16 | M79: 13 | O79: OK1 | P79: 63+114 / 150 | Q79: =VALUE(RIGHT(P79,LEN(P79)-SEARCH("/",P79))) -> 150 | R79: =VALUE(SUBSTITUTE(LEFT(P79,SEARCH("/",P79)-1),"+",",")) -> 63.114 | S79: Hassi Ben Abdellah /Sidi Khouiled/OUARGLA | T79: =CONCATENATE("(",A79,",'",E79,"','",F79,"','",TEXT(G79,"aaaa-mm-jj"),"','",TEXT(H79,"aaaa-mm-jj"),"',",I79,",",J79,",",M79,"),") -> (3,'PS-03-OK1','Poste de Sectionnement n°03 OK1','Saturday-01-jj','Saturday-01-jj',NULL,1,13),
A80: 4 | B80: 78 | C80: OK1 | D80: 2 | E80: =CONCATENATE("PS-",TEXT(A80,"00"),"-",O80) -> PS-04-OK1 | F80: =CONCATENATE("Poste de Sectionnement n°",TEXT(A80,"00")," ",O80) -> Poste de Sectionnement n°04 OK1 | G80: 26299 | H80: 26299 | I80: NULL | J80: 1 | K80: Sectionalizing Station | L80: 16 | M80: 13 | O80: OK1 | P80: 126+057 / 110 | Q80: =VALUE(RIGHT(P80,LEN(P80)-SEARCH("/",P80))) -> 110 | R80: =VALUE(SUBSTITUTE(LEFT(P80,SEARCH("/",P80)-1),"+",",")) -> 126.057 | S80: El Allia /El Hadjira / TOUGGOURT | T80: =CONCATENATE("(",A80,",'",E80,"','",F80,"','",TEXT(G80,"aaaa-mm-jj"),"','",TEXT(H80,"aaaa-mm-jj"),"',",I80,",",J80,",",M80,"),") -> (4,'PS-04-OK1','Poste de Sectionnement n°04 OK1','Saturday-01-jj','Saturday-01-jj',NULL,1,13),
A81: 1 | B81: 79 | C81: OK1 | D81: 2 | E81: =CONCATENATE("PC-",TEXT(A81,"00"),"-",O81) -> PC-01-OK1 | F81: =CONCATENATE("Poste de Coupure n°",TEXT(A81,"00")," ",O81) -> Poste de Coupure n°01 OK1 | G81: 26299 | H81: 26299 | I81: NULL | J81: 1 | K81: Block Valve Station | L81: 15 | M81: 13 | O81: OK1 | P81: 190+560 / 80 | Q81: =VALUE(RIGHT(P81,LEN(P81)-SEARCH("/",P81))) -> 80 | R81: =VALUE(SUBSTITUTE(LEFT(P81,SEARCH("/",P81)-1),"+",",")) -> 190.56 | S81: El M’rara / Djamaa / EL MEGHAÏER | T81: =CONCATENATE("(",A81,",'",E81,"','",F81,"','",TEXT(G81,"aaaa-mm-jj"),"','",TEXT(H81,"aaaa-mm-jj"),"',",I81,",",J81,",",M81,"),") -> (1,'PC-01-OK1','Poste de Coupure n°01 OK1','Saturday-01-jj','Saturday-01-jj',NULL,1,13),
A82: 5 | B82: 80 | C82: OK1 | D82: 2 | E82: =CONCATENATE("PS-",TEXT(A82,"00"),"-",O82) -> PS-05-OK1 | F82: =CONCATENATE("Poste de Sectionnement n°",TEXT(A82,"00")," ",O82) -> Poste de Sectionnement n°05 OK1 | G82: 26299 | H82: 26299 | I82: NULL | J82: 1 | K82: Sectionalizing Station | L82: 16 | M82: 13 | O82: OK1 | P82: 190+560 / 80 | Q82: =VALUE(RIGHT(P82,LEN(P82)-SEARCH("/",P82))) -> 80 | R82: =VALUE(SUBSTITUTE(LEFT(P82,SEARCH("/",P82)-1),"+",",")) -> 190.56 | S82: El M’rara / Djamaa / EL MEGHAÏER | T82: =CONCATENATE("(",A82,",'",E82,"','",F82,"','",TEXT(G82,"aaaa-mm-jj"),"','",TEXT(H82,"aaaa-mm-jj"),"',",I82,",",J82,",",M82,"),") -> (5,'PS-05-OK1','Poste de Sectionnement n°05 OK1','Saturday-01-jj','Saturday-01-jj',NULL,1,13),
A83: 6 | B83: 81 | C83: OK1 | D83: 2 | E83: =CONCATENATE("PS-",TEXT(A83,"00"),"-",O83) -> PS-06-OK1 | F83: =CONCATENATE("Poste de Sectionnement n°",TEXT(A83,"00")," ",O83) -> Poste de Sectionnement n°06 OK1 | G83: 26299 | H83: 26299 | I83: NULL | J83: 1 | K83: Sectionalizing Station | L83: 16 | M83: 13 | O83: OK1 | P83: 190+560 / 80 | Q83: =VALUE(RIGHT(P83,LEN(P83)-SEARCH("/",P83))) -> 80 | R83: =VALUE(SUBSTITUTE(LEFT(P83,SEARCH("/",P83)-1),"+",",")) -> 190.56 | S83: El M’rara / Djamaa / EL MEGHAÏER | T83: =CONCATENATE("(",A83,",'",E83,"','",F83,"','",TEXT(G83,"aaaa-mm-jj"),"','",TEXT(H83,"aaaa-mm-jj"),"',",I83,",",J83,",",M83,"),") -> (6,'PS-06-OK1','Poste de Sectionnement n°06 OK1','Saturday-01-jj','Saturday-01-jj',NULL,1,13),
A84: 3 | B84: 82 | C84: OK1 | D84: 2 | E84: SP2-OK1 | F84: Station de Pompage SP2-OK1 | G84: 37490 | H84: 38137 | I84: NULL | J84: 1 | K84: Pumping Station | L84: 7 | M84: 13 | O84: OK1 | P84: 190+560 / 80 | Q84: =VALUE(RIGHT(P84,LEN(P84)-SEARCH("/",P84))) -> 80 | R84: =VALUE(SUBSTITUTE(LEFT(P84,SEARCH("/",P84)-1),"+",",")) -> 190.56 | S84: Selga Bouchegroune / Tolga / BISKRA | T84: =CONCATENATE("(",A84,",'",E84,"','",F84,"','",TEXT(G84,"aaaa-mm-jj"),"','",TEXT(H84,"aaaa-mm-jj"),"',",I84,",",J84,",",M84,"),") -> (3,'SP2-OK1','Station de Pompage SP2-OK1','Thursday-08-jj','Sunday-05-jj',NULL,1,13),
A85: 7 | B85: 83 | C85: OK1 | D85: 2 | E85: =CONCATENATE("PS-",TEXT(A85,"00"),"-",O85) -> PS-07-OK1 | F85: =CONCATENATE("Poste de Sectionnement n°",TEXT(A85,"00")," ",O85) -> Poste de Sectionnement n°07 OK1 | G85: 26299 | H85: 26299 | I85: NULL | J85: 1 | K85: Sectionalizing Station | L85: 16 | M85: 13 | O85: OK1 | P85: 233+401 / 80 | Q85: =VALUE(RIGHT(P85,LEN(P85)-SEARCH("/",P85))) -> 80 | R85: =VALUE(SUBSTITUTE(LEFT(P85,SEARCH("/",P85)-1),"+",",")) -> 233.401 | S85: El Meghaïer /El Meghaïer / EL MEGHAÏER | T85: =CONCATENATE("(",A85,",'",E85,"','",F85,"','",TEXT(G85,"aaaa-mm-jj"),"','",TEXT(H85,"aaaa-mm-jj"),"',",I85,",",J85,",",M85,"),") -> (7,'PS-07-OK1','Poste de Sectionnement n°07 OK1','Saturday-01-jj','Saturday-01-jj',NULL,1,13),
A86: 8 | B86: 84 | C86: OK1 | D86: 2 | E86: =CONCATENATE("PS-",TEXT(A86,"00"),"-",O86) -> PS-08-OK1 | F86: =CONCATENATE("Poste de Sectionnement n°",TEXT(A86,"00")," ",O86) -> Poste de Sectionnement n°08 OK1 | G86: 26299 | H86: 26299 | I86: NULL | J86: 1 | K86: Sectionalizing Station | L86: 16 | M86: 13 | O86: OK1 | P86: 265+084 / 100 | Q86: =VALUE(RIGHT(P86,LEN(P86)-SEARCH("/",P86))) -> 100 | R86: =VALUE(SUBSTITUTE(LEFT(P86,SEARCH("/",P86)-1),"+",",")) -> 265.084 | S86: Oum Touyour /El-Meghaïer / EL MEGHAÏER | T86: =CONCATENATE("(",A86,",'",E86,"','",F86,"','",TEXT(G86,"aaaa-mm-jj"),"','",TEXT(H86,"aaaa-mm-jj"),"',",I86,",",J86,",",M86,"),") -> (8,'PS-08-OK1','Poste de Sectionnement n°08 OK1','Saturday-01-jj','Saturday-01-jj',NULL,1,13),
A87: 2 | B87: 85 | C87: OK1 | D87: 2 | E87: =CONCATENATE("PC-",TEXT(A87,"00"),"-",O87) -> PC-02-OK1 | F87: =CONCATENATE("Poste de Coupure n°",TEXT(A87,"00")," ",O87) -> Poste de Coupure n°02 OK1 | G87: 26299 | H87: 26299 | I87: NULL | J87: 1 | K87: Block Valve Station | L87: 15 | M87: 13 | O87: OK1 | P87: 338+643 / 185 | Q87: =VALUE(RIGHT(P87,LEN(P87)-SEARCH("/",P87))) -> 185 | R87: =VALUE(SUBSTITUTE(LEFT(P87,SEARCH("/",P87)-1),"+",",")) -> 338.643 | S87: Selga Bouchegroune / Tolga / BISKRA | T87: =CONCATENATE("(",A87,",'",E87,"','",F87,"','",TEXT(G87,"aaaa-mm-jj"),"','",TEXT(H87,"aaaa-mm-jj"),"',",I87,",",J87,",",M87,"),") -> (2,'PC-02-OK1','Poste de Coupure n°02 OK1','Saturday-01-jj','Saturday-01-jj',NULL,1,13),
A88: 9 | B88: 86 | C88: OK1 | D88: 2 | E88: =CONCATENATE("PS-",TEXT(A88,"00"),"-",O88) -> PS-09-OK1 | F88: =CONCATENATE("Poste de Sectionnement n°",TEXT(A88,"00")," ",O88) -> Poste de Sectionnement n°09 OK1 | G88: 26299 | H88: 26299 | I88: NULL | J88: 1 | K88: Sectionalizing Station | L88: 16 | M88: 13 | O88: OK1 | P88: 338+643 / 190 | Q88: =VALUE(RIGHT(P88,LEN(P88)-SEARCH("/",P88))) -> 190 | R88: =VALUE(SUBSTITUTE(LEFT(P88,SEARCH("/",P88)-1),"+",",")) -> 338.643 | S88: Tolga / Tolga / BISKRA | T88: =CONCATENATE("(",A88,",'",E88,"','",F88,"','",TEXT(G88,"aaaa-mm-jj"),"','",TEXT(H88,"aaaa-mm-jj"),"',",I88,",",J88,",",M88,"),") -> (9,'PS-09-OK1','Poste de Sectionnement n°09 OK1','Saturday-01-jj','Saturday-01-jj',NULL,1,13),
A89: 10 | B89: 87 | C89: OK1 | D89: 2 | E89: =CONCATENATE("PS-",TEXT(A89,"00"),"-",O89) -> PS-10-OK1 | F89: =CONCATENATE("Poste de Sectionnement n°",TEXT(A89,"00")," ",O89) -> Poste de Sectionnement n°10 OK1 | G89: 26299 | H89: 26299 | I89: NULL | J89: 1 | K89: Sectionalizing Station | L89: 16 | M89: 13 | O89: OK1 | P89: 338+643 / 190 | Q89: =VALUE(RIGHT(P89,LEN(P89)-SEARCH("/",P89))) -> 190 | R89: =VALUE(SUBSTITUTE(LEFT(P89,SEARCH("/",P89)-1),"+",",")) -> 338.643 | S89: Tolga / Tolga / BISKRA | T89: =CONCATENATE("(",A89,",'",E89,"','",F89,"','",TEXT(G89,"aaaa-mm-jj"),"','",TEXT(H89,"aaaa-mm-jj"),"',",I89,",",J89,",",M89,"),") -> (10,'PS-10-OK1','Poste de Sectionnement n°10 OK1','Saturday-01-jj','Saturday-01-jj',NULL,1,13),
A90: 4 | B90: 88 | C90: OK1 | D90: 2 | E90: SP3-OK1 | F90: Station de Pompage SP3-OK1 | G90: 37930 | H90: 38551 | I90: NULL | J90: 1 | K90: Pumping Station | L90: 7 | M90: 13 | O90: OK1 | P90: 338+643 / 185 | Q90: =VALUE(RIGHT(P90,LEN(P90)-SEARCH("/",P90))) -> 185 | R90: =VALUE(SUBSTITUTE(LEFT(P90,SEARCH("/",P90)-1),"+",",")) -> 338.643 | S90: Boumagueur / N’gaous / BATNA | T90: =CONCATENATE("(",A90,",'",E90,"','",F90,"','",TEXT(G90,"aaaa-mm-jj"),"','",TEXT(H90,"aaaa-mm-jj"),"',",I90,",",J90,",",M90,"),") -> (4,'SP3-OK1','Station de Pompage SP3-OK1','Wednesday-11-jj','Monday-07-jj',NULL,1,13),
A91: 10Bis | B91: 89 | C91: OK1 | D91: 2 | E91: =CONCATENATE("PS-",TEXT(A91,"00"),"-",O91) -> PS-10Bis-OK1 | F91: =CONCATENATE("Poste de Sectionnement n°",TEXT(A91,"00")," ",O91) -> Poste de Sectionnement n°10Bis OK1 | G91: 26299 | H91: 26299 | I91: NULL | J91: 1 | K91: Sectionalizing Station | L91: 16 | M91: 13 | O91: OK1 | P91: 366+870 / 310 | Q91: =VALUE(RIGHT(P91,LEN(P91)-SEARCH("/",P91))) -> 310 | R91: =VALUE(SUBSTITUTE(LEFT(P91,SEARCH("/",P91)-1),"+",",")) -> 366.87 | S91: Bitam / Barika / BATNA | T91: =CONCATENATE("(",A91,",'",E91,"','",F91,"','",TEXT(G91,"aaaa-mm-jj"),"','",TEXT(H91,"aaaa-mm-jj"),"',",I91,",",J91,",",M91,"),") -> (10Bis,'PS-10Bis-OK1','Poste de Sectionnement n°10Bis OK1','Saturday-01-jj','Saturday-01-jj',NULL,1,13),
A92: 10Ter | B92: 90 | C92: OK1 | D92: 2 | E92: =CONCATENATE("PS-",TEXT(A92,"00"),"-",O92) -> PS-10Ter-OK1 | F92: =CONCATENATE("Poste de Sectionnement n°",TEXT(A92,"00")," ",O92) -> Poste de Sectionnement n°10Ter OK1 | G92: 26299 | H92: 26299 | I92: NULL | J92: 1 | K92: Sectionalizing Station | L92: 16 | M92: 13 | O92: OK1 | P92: 396+854 / 280 | Q92: =VALUE(RIGHT(P92,LEN(P92)-SEARCH("/",P92))) -> 280 | R92: =VALUE(SUBSTITUTE(LEFT(P92,SEARCH("/",P92)-1),"+",",")) -> 396.854 | S92: Bitam / Barika / BATNA | T92: =CONCATENATE("(",A92,",'",E92,"','",F92,"','",TEXT(G92,"aaaa-mm-jj"),"','",TEXT(H92,"aaaa-mm-jj"),"',",I92,",",J92,",",M92,"),") -> (10Ter,'PS-10Ter-OK1','Poste de Sectionnement n°10Ter OK1','Saturday-01-jj','Saturday-01-jj',NULL,1,13),
A93: 3 | B93: 91 | C93: OK1 | D93: 2 | E93: =CONCATENATE("PC-",TEXT(A93,"00"),"-",O93) -> PC-03-OK1 | F93: =CONCATENATE("Poste de Coupure n°",TEXT(A93,"00")," ",O93) -> Poste de Coupure n°03 OK1 | G93: 26299 | H93: 26299 | I93: NULL | J93: 1 | K93: Block Valve Station | L93: 15 | M93: 13 | O93: OK1 | P93: 431+427 / 630 | Q93: =VALUE(RIGHT(P93,LEN(P93)-SEARCH("/",P93))) -> 630 | R93: =VALUE(SUBSTITUTE(LEFT(P93,SEARCH("/",P93)-1),"+",",")) -> 431.427 | S93: Boumagueur / N’gaous / BATNA | T93: =CONCATENATE("(",A93,",'",E93,"','",F93,"','",TEXT(G93,"aaaa-mm-jj"),"','",TEXT(H93,"aaaa-mm-jj"),"',",I93,",",J93,",",M93,"),") -> (3,'PC-03-OK1','Poste de Coupure n°03 OK1','Saturday-01-jj','Saturday-01-jj',NULL,1,13),
A94: 11 | B94: 92 | C94: OK1 | D94: 2 | E94: =CONCATENATE("PS-",TEXT(A94,"00"),"-",O94) -> PS-11-OK1 | F94: =CONCATENATE("Poste de Sectionnement n°",TEXT(A94,"00")," ",O94) -> Poste de Sectionnement n°11 OK1 | G94: 26299 | H94: 26299 | I94: NULL | J94: 1 | K94: Sectionalizing Station | L94: 16 | M94: 13 | O94: OK1 | P94: 431+427 / 640 | Q94: =VALUE(RIGHT(P94,LEN(P94)-SEARCH("/",P94))) -> 640 | R94: =VALUE(SUBSTITUTE(LEFT(P94,SEARCH("/",P94)-1),"+",",")) -> 431.427 | S94: Boumagueur / N'gaous / BATNA | T94: =CONCATENATE("(",A94,",'",E94,"','",F94,"','",TEXT(G94,"aaaa-mm-jj"),"','",TEXT(H94,"aaaa-mm-jj"),"',",TEXT(I94,"aaaa-mm-jj"),",",J94,",",M94,"),") -> (11,'PS-11-OK1','Poste de Sectionnement n°11 OK1','Saturday-01-jj','Saturday-01-jj',NULL,1,13),
A95: 12 | B95: 93 | C95: OK1 | D95: 2 | E95: =CONCATENATE("PS-",TEXT(A95,"00"),"-",O95) -> PS-12-OK1 | F95: =CONCATENATE("Poste de Sectionnement n°",TEXT(A95,"00")," ",O95) -> Poste de Sectionnement n°12 OK1 | G95: 26299 | H95: 26299 | I95: NULL | J95: 1 | K95: Sectionalizing Station | L95: 16 | M95: 13 | O95: OK1 | P95: 431+427 / 640 | Q95: =VALUE(RIGHT(P95,LEN(P95)-SEARCH("/",P95))) -> 640 | R95: =VALUE(SUBSTITUTE(LEFT(P95,SEARCH("/",P95)-1),"+",",")) -> 431.427 | S95: Boumagueur / N'gaous / BATNA | T95: =CONCATENATE("(",A95,",'",E95,"','",F95,"','",TEXT(G95,"aaaa-mm-jj"),"','",TEXT(H95,"aaaa-mm-jj"),"',",I95,",",J95,",",M95,"),") -> (12,'PS-12-OK1','Poste de Sectionnement n°12 OK1','Saturday-01-jj','Saturday-01-jj',NULL,1,13),
A96: 5 | B96: 94 | C96: OK1 | D96: 2 | E96: SP4-OK1 | F96: Station de Pompage SP4-OK1 | G96: 38125 | H96: 38739 | I96: NULL | J96: 1 | K96: Pumping Station | L96: 7 | M96: 13 | O96: OK1 | P96: 431+427 / 630 | Q96: =VALUE(RIGHT(P96,LEN(P96)-SEARCH("/",P96))) -> 630 | R96: =VALUE(SUBSTITUTE(LEFT(P96,SEARCH("/",P96)-1),"+",",")) -> 431.427 | S96: Hammadi Krouma / Skikda / SKIKDA | T96: =CONCATENATE("(",A96,",'",E96,"','",F96,"','",TEXT(G96,"aaaa-mm-jj"),"','",TEXT(H96,"aaaa-mm-jj"),"',",I96,",",J96,",",M96,"),") -> (5,'SP4-OK1','Station de Pompage SP4-OK1','Tuesday-05-jj','Sunday-01-jj',NULL,1,13),
A97: 13 | B97: 95 | C97: OK1 | D97: 2 | E97: =CONCATENATE("PS-",TEXT(A97,"00"),"-",O97) -> PS-13-OK1 | F97: =CONCATENATE("Poste de Sectionnement n°",TEXT(A97,"00")," ",O97) -> Poste de Sectionnement n°13 OK1 | G97: 26299 | H97: 26299 | I97: NULL | J97: 1 | K97: Sectionalizing Station | L97: 16 | M97: 13 | O97: OK1 | P97: 463+121 / 930 | Q97: =VALUE(RIGHT(P97,LEN(P97)-SEARCH("/",P97))) -> 930 | R97: =VALUE(SUBSTITUTE(LEFT(P97,SEARCH("/",P97)-1),"+",",")) -> 463.121 | S97: Lemsane / Ouled Si Slimane / BATNA | T97: =CONCATENATE("(",A97,",'",E97,"','",F97,"','",TEXT(G97,"aaaa-mm-jj"),"','",TEXT(H97,"aaaa-mm-jj"),"',",I97,",",J97,",",M97,"),") -> (13,'PS-13-OK1','Poste de Sectionnement n°13 OK1','Saturday-01-jj','Saturday-01-jj',NULL,1,13),
A98: 14 | B98: 96 | C98: OK1 | D98: 2 | E98: =CONCATENATE("PS-",TEXT(A98,"00"),"-",O98) -> PS-14-OK1 | F98: =CONCATENATE("Poste de Sectionnement n°",TEXT(A98,"00")," ",O98) -> Poste de Sectionnement n°14 OK1 | G98: 26299 | H98: 26299 | I98: NULL | J98: 1 | K98: Sectionalizing Station | L98: 16 | M98: 13 | O98: OK1 | P98: 494+386 / 950 | Q98: =VALUE(RIGHT(P98,LEN(P98)-SEARCH("/",P98))) -> 950 | R98: =VALUE(SUBSTITUTE(LEFT(P98,SEARCH("/",P98)-1),"+",",")) -> 494.386 | S98: Ain Djasser / Ain Djasser / BATNA | T98: =CONCATENATE("(",A98,",'",E98,"','",F98,"','",TEXT(G98,"aaaa-mm-jj"),"','",TEXT(H98,"aaaa-mm-jj"),"',",I98,",",J98,",",M98,"),") -> (14,'PS-14-OK1','Poste de Sectionnement n°14 OK1','Saturday-01-jj','Saturday-01-jj',NULL,1,13),
A99: 14Bis | B99: 97 | C99: OK1 | D99: 2 | E99: =CONCATENATE("PS-",TEXT(A99,"00"),"-",O99) -> PS-14Bis-OK1 | F99: =CONCATENATE("Poste de Sectionnement n°",TEXT(A99,"00")," ",O99) -> Poste de Sectionnement n°14Bis OK1 | G99: 26299 | H99: 26299 | I99: NULL | J99: 1 | K99: Sectionalizing Station | L99: 16 | M99: 13 | O99: OK1 | P99: 516+946 / 830 | Q99: =VALUE(RIGHT(P99,LEN(P99)-SEARCH("/",P99))) -> 830 | R99: =VALUE(SUBSTITUTE(LEFT(P99,SEARCH("/",P99)-1),"+",",")) -> 516.946 | S99: M'chira / Teleghma / MILA | T99: =CONCATENATE("(",A99,",'",E99,"','",F99,"','",TEXT(G99,"aaaa-mm-jj"),"','",TEXT(H99,"aaaa-mm-jj"),"',",I99,",",J99,",",M99,"),") -> (14Bis,'PS-14Bis-OK1','Poste de Sectionnement n°14Bis OK1','Saturday-01-jj','Saturday-01-jj',NULL,1,13),
A100: 15 | B100: 98 | C100: OK1 | D100: 2 | E100: =CONCATENATE("PS-",TEXT(A100,"00"),"-",O100) -> PS-15-OK1 | F100: =CONCATENATE("Poste de Sectionnement n°",TEXT(A100,"00")," ",O100) -> Poste de Sectionnement n°15 OK1 | G100: 26299 | H100: 26299 | I100: NULL | J100: 1 | K100: Sectionalizing Station | L100: 16 | M100: 13 | O100: OK1 | P100: 547+427 / 670 | Q100: =VALUE(RIGHT(P100,LEN(P100)-SEARCH("/",P100))) -> 670 | R100: =VALUE(SUBSTITUTE(LEFT(P100,SEARCH("/",P100)-1),"+",",")) -> 547.427 | S100: Oued Seguen / Teleghma / MILA | T100: =CONCATENATE("(",A100,",'",E100,"','",F100,"','",TEXT(G100,"aaaa-mm-jj"),"','",TEXT(H100,"aaaa-mm-jj"),"',",I100,",",J100,",",M100,"),") -> (15,'PS-15-OK1','Poste de Sectionnement n°15 OK1','Saturday-01-jj','Saturday-01-jj',NULL,1,13),
...

Sheet 02-03-03-ST
A1: Id | B1: System | C1: SystemId | D1: Code | E1: Name | F1: Installing | G1: Commissioning | H1: Decommissioning | I1: Status | J1: StationType | K1: StTypeId | L1: Structure | M1: SQL Insert Request
A2: F_00 | D2: F_01 | E2: F_02 | F2: F_03 | G2: F_04 | H2: F_05 | I2: F_06 | L2: F_07 | M2: INSERT INTO T_02_03_01 (F_00, F_01, F_02, F_03, F_04, F_05, F_06, F_07) VALUES
A3: 41 | B3: OZ1/OZ2 | C3: =_xlfn.XLOOKUP(B3,'02-03-07'!B$3:B$24,'02-03-07'!A$3:A$24) -> #NAME? | D3: SP1-OZ1/OZ2 | E3: Station de Pompage SP1-OZ1/OZ2 | F3: 36540 | G3: 37154 | H3: NULL | I3: 1 | J3: Pumping Station | K3: 7 | L3: 10 | M3: =CONCATENATE("(",A3,",'",D3,"','",E3,"','",TEXT(F3,"yyyy-mm-dd"),"','",TEXT(G3,"yyyy-mm-dd"),"',",H3,",",I3,",",L3,"),") -> (41,'SP1-OZ1/OZ2','Station de Pompage SP1-OZ1/OZ2','2000-01-15','2001-09-20',NULL,1,10),
A4: 42 | B4: OZ1/OZ2 | C4: =_xlfn.XLOOKUP(B4,'02-03-07'!B$3:B$24,'02-03-07'!A$3:A$24) -> #NAME? | D4: SP2-OZ1/OZ2 | E4: Station de Pompage SP2-OZ1/OZ2 | F4: 36960 | G4: 37575 | H4: NULL | I4: 1 | J4: Pumping Station | K4: 7 | L4: 10 | M4: =CONCATENATE("(",A4,",'",D4,"','",E4,"','",TEXT(F4,"yyyy-mm-dd"),"','",TEXT(G4,"yyyy-mm-dd"),"',",H4,",",I4,",",L4,"),") -> (42,'SP2-OZ1/OZ2','Station de Pompage SP2-OZ1/OZ2','2001-03-10','2002-11-15',NULL,1,10),
A5: 43 | B5: OZ1/OZ2 | C5: =_xlfn.XLOOKUP(B5,'02-03-07'!B$3:B$24,'02-03-07'!A$3:A$24) -> #NAME? | D5: SP3-OZ1/OZ2 | E5: Station de Pompage SP2-OZ1/OZ2 | F5: 37396 | G5: 37985 | H5: NULL | I5: 1 | J5: Pumping Station | K5: 7 | L5: 10 | M5: =CONCATENATE("(",A5,",'",D5,"','",E5,"','",TEXT(F5,"yyyy-mm-dd"),"','",TEXT(G5,"yyyy-mm-dd"),"',",H5,",",I5,",",L5,"),") -> (43,'SP3-OZ1/OZ2','Station de Pompage SP2-OZ1/OZ2','2002-05-20','2003-12-30',NULL,1,10),
A6: 44 | B6: OZ1/OZ2 | C6: =_xlfn.XLOOKUP(B6,'02-03-07'!B$3:B$24,'02-03-07'!A$3:A$24) -> #NAME? | D6: SP4-OZ1/OZ2 | E6: Station de Pompage SP2-OZ1/OZ2 | F6: 37848 | G6: 38433 | H6: NULL | I6: 1 | J6: Pumping Station | K6: 7 | L6: 10 | M6: =CONCATENATE("(",A6,",'",D6,"','",E6,"','",TEXT(F6,"yyyy-mm-dd"),"','",TEXT(G6,"yyyy-mm-dd"),"',",H6,",",I6,",",L6,"),") -> (44,'SP4-OZ1/OZ2','Station de Pompage SP2-OZ1/OZ2','2003-08-15','2005-03-22',NULL,1,10),
A7: 45 | B7: OZ1/OZ2 | C7: =_xlfn.XLOOKUP(B7,'02-03-07'!B$3:B$24,'02-03-07'!A$3:A$24) -> #NAME? | D7: SP5-OZ1/OZ2 | E7: Station de Pompage SP2-OZ1/OZ2 | F7: 38265 | G7: 38886 | H7: NULL | I7: 1 | J7: Pumping Station | K7: 7 | L7: 10 | M7: =CONCATENATE("(",A7,",'",D7,"','",E7,"','",TEXT(F7,"yyyy-mm-dd"),"','",TEXT(G7,"yyyy-mm-dd"),"',",H7,",",I7,",",L7,"),") -> (45,'SP5-OZ1/OZ2','Station de Pompage SP2-OZ1/OZ2','2004-10-05','2006-06-18',NULL,1,10),
A8: 46 | B8: OZ1/OZ2 | C8: =_xlfn.XLOOKUP(B8,'02-03-07'!B$3:B$24,'02-03-07'!A$3:A$24) -> #NAME? | D8: SP6-OZ1/OZ2 | E8: Station de Pompage SP2-OZ1/OZ2 | F8: 38698 | G8: 39319 | H8: NULL | I8: 1 | J8: Pumping Station | K8: 7 | L8: 10 | M8: =CONCATENATE("(",A8,",'",D8,"','",E8,"','",TEXT(F8,"yyyy-mm-dd"),"','",TEXT(G8,"yyyy-mm-dd"),"',",H8,",",I8,",",L8,"),") -> (46,'SP6-OZ1/OZ2','Station de Pompage SP2-OZ1/OZ2','2005-12-12','2007-08-25',NULL,1,10),
A9: 47 | B9: OZ1/OZ2 | C9: =_xlfn.XLOOKUP(B9,'02-03-07'!B$3:B$24,'02-03-07'!A$3:A$24) -> #NAME? | D9: PRS-OZ1/OZ2 | E9: Station de Régulation PRS-OZ1/OZ2 | F9: 38796 | G9: 39396 | H9: NULL | I9: 1 | J9: Regulator Station | K9: 9 | L9: 10 | M9: =CONCATENATE("(",A9,",'",D9,"','",E9,"','",TEXT(F9,"yyyy-mm-dd"),"','",TEXT(G9,"yyyy-mm-dd"),"',",H9,",",I9,",",L9,"),") -> (47,'PRS-OZ1/OZ2','Station de Régulation PRS-OZ1/OZ2','2006-03-20','2007-11-10',NULL,1,10),
A10: 48 | B10: OZ1/OZ2 | C10: =_xlfn.XLOOKUP(B10,'02-03-07'!B$3:B$24,'02-03-07'!A$3:A$24) -> #NAME? | D10: SP1-OZ1-D | E10: Station de Pompage SP1-OZ1-D | F10: 23743 | G10: 23743 | H10: 37986 | I10: 8 | J10: Pumping Station | K10: 7 | L10: 10 | M10: =CONCATENATE("(",A10,",'",D10,"','",E10,"','",TEXT(F10,"yyyy-mm-dd"),"','",TEXT(G10,"yyyy-mm-dd"),"',",H10,",",I10,",",L10,"),") -> (48,'SP1-OZ1-D','Station de Pompage SP1-OZ1-D','1965-01-01','1965-01-01',37986,8,10),
A11: 49 | B11: OZ1/OZ2 | C11: =_xlfn.XLOOKUP(B11,'02-03-07'!B$3:B$24,'02-03-07'!A$3:A$24) -> #NAME? | D11: SP2-OZ1-D | E11: Station de Pompage SP2-OZ1-D | F11: 23743 | G11: 23743 | H11: 37986 | I11: 8 | J11: Pumping Station | K11: 7 | L11: 10 | M11: =CONCATENATE("(",A11,",'",D11,"','",E11,"','",TEXT(F11,"yyyy-mm-dd"),"','",TEXT(G11,"yyyy-mm-dd"),"',",H11,",",I11,",",L11,"),") -> (49,'SP2-OZ1-D','Station de Pompage SP2-OZ1-D','1965-01-01','1965-01-01',37986,8,10),
A12: 50 | B12: OZ1/OZ2 | C12: =_xlfn.XLOOKUP(B12,'02-03-07'!B$3:B$24,'02-03-07'!A$3:A$24) -> #NAME? | D12: SP3-OZ1-D | E12: Station de Pompage SP2-OZ1-D | F12: 23743 | G12: 23743 | H12: 37986 | I12: 8 | J12: Pumping Station | K12: 7 | L12: 10 | M12: =CONCATENATE("(",A12,",'",D12,"','",E12,"','",TEXT(F12,"yyyy-mm-dd"),"','",TEXT(G12,"yyyy-mm-dd"),"',",H12,",",I12,",",L12,"),") -> (50,'SP3-OZ1-D','Station de Pompage SP2-OZ1-D','1965-01-01','1965-01-01',37986,8,10),
A13: 51 | B13: OZ1/OZ2 | C13: =_xlfn.XLOOKUP(B13,'02-03-07'!B$3:B$24,'02-03-07'!A$3:A$24) -> #NAME? | D13: SP4-OZ1-D | E13: Station de Pompage SP2-OZ1-D | F13: 23743 | G13: 23743 | H13: 38352 | I13: 8 | J13: Pumping Station | K13: 7 | L13: 10 | M13: =CONCATENATE("(",A13,",'",D13,"','",E13,"','",TEXT(F13,"yyyy-mm-dd"),"','",TEXT(G13,"yyyy-mm-dd"),"',",H13,",",I13,",",L13,"),") -> (51,'SP4-OZ1-D','Station de Pompage SP2-OZ1-D','1965-01-01','1965-01-01',38352,8,10),
A14: 52 | B14: OZ1/OZ2 | C14: =_xlfn.XLOOKUP(B14,'02-03-07'!B$3:B$24,'02-03-07'!A$3:A$24) -> #NAME? | D14: SP5-OZ1-D | E14: Station de Pompage SP2-OZ1-D | F14: 23743 | G14: 23743 | H14: 40178 | I14: 8 | J14: Pumping Station | K14: 7 | L14: 10 | M14: =CONCATENATE("(",A14,",'",D14,"','",E14,"','",TEXT(F14,"yyyy-mm-dd"),"','",TEXT(G14,"yyyy-mm-dd"),"',",H14,",",I14,",",L14,"),") -> (52,'SP5-OZ1-D','Station de Pompage SP2-OZ1-D','1965-01-01','1965-01-01',40178,8,10),
A15: 53 | B15: OZ1/OZ2 | C15: =_xlfn.XLOOKUP(B15,'02-03-07'!B$3:B$24,'02-03-07'!A$3:A$24) -> #NAME? | D15: SP6-OZ1-D | E15: Station de Pompage SP2-OZ1-D | F15: 23743 | G15: 23743 | H15: 38352 | I15: 8 | J15: Pumping Station | K15: 7 | L15: 10 | M15: =CONCATENATE("(",A15,",'",D15,"','",E15,"','",TEXT(F15,"yyyy-mm-dd"),"','",TEXT(G15,"yyyy-mm-dd"),"',",H15,",",I15,",",L15,"),") -> (53,'SP6-OZ1-D','Station de Pompage SP2-OZ1-D','1965-01-01','1965-01-01',38352,8,10),
A16: 54 | B16: OZ1/OZ2 | C16: =_xlfn.XLOOKUP(B16,'02-03-07'!B$3:B$24,'02-03-07'!A$3:A$24) -> #NAME? | D16: PRS-OZ1-D | E16: Station de Régulation PRS-OZ1-D | F16: 23743 | G16: 23743 | H16: 43465 | I16: 8 | J16: Regulator Station | K16: 9 | L16: 10 | M16: =CONCATENATE("(",A16,",'",D16,"','",E16,"','",TEXT(F16,"yyyy-mm-dd"),"','",TEXT(G16,"yyyy-mm-dd"),"',",H16,",",I16,",",L16,"),") -> (54,'PRS-OZ1-D','Station de Régulation PRS-OZ1-D','1965-01-01','1965-01-01',43465,8,10),
A17: 55 | B17: OK1 | C17: =_xlfn.XLOOKUP(B17,'02-03-07'!B$3:B$24,'02-03-07'!A$3:A$24) -> #NAME? | D17: SP1-OK1 | E17: Station de Pompage SP1-OK1 | F17: 37057 | G17: 37672 | H17: NULL | I17: 1 | J17: Pumping Station | K17: 7 | L17: 10 | M17: =CONCATENATE("(",A17,",'",D17,"','",E17,"','",TEXT(F17,"yyyy-mm-dd"),"','",TEXT(G17,"yyyy-mm-dd"),"',",H17,",",I17,",",L17,"),") -> (55,'SP1-OK1','Station de Pompage SP1-OK1','2001-06-15','2003-02-20',NULL,1,10),
A18: 56 | B18: OK1 | C18: =_xlfn.XLOOKUP(B18,'02-03-07'!B$3:B$24,'02-03-07'!A$3:A$24) -> #NAME? | D18: R-SP1-OK1 | E18: Station de Pompage RSP1-OK1 | F18: 40278 | G18: 40923 | H18: NULL | I18: 1 | J18: Pumping Station | K18: 7 | L18: 10 | M18: =CONCATENATE("(",A18,",'",D18,"','",E18,"','",TEXT(F18,"yyyy-mm-dd"),"','",TEXT(G18,"yyyy-mm-dd"),"',",H18,",",I18,",",L18,"),") -> (56,'R-SP1-OK1','Station de Pompage RSP1-OK1','2010-04-10','2012-01-15',NULL,1,10),
A19: 57 | B19: OK1 | C19: =_xlfn.XLOOKUP(B19,'02-03-07'!B$3:B$24,'02-03-07'!A$3:A$24) -> #NAME? | D19: SP2-OK1 | E19: Station de Pompage SP2-OK1 | F19: 37490 | G19: 38137 | H19: NULL | I19: 1 | J19: Pumping Station | K19: 7 | L19: 10 | M19: =CONCATENATE("(",A19,",'",D19,"','",E19,"','",TEXT(F19,"yyyy-mm-dd"),"','",TEXT(G19,"yyyy-mm-dd"),"',",H19,",",I19,",",L19,"),") -> (57,'SP2-OK1','Station de Pompage SP2-OK1','2002-08-22','2004-05-30',NULL,1,10),
A20: 58 | B20: OK1 | C20: =_xlfn.XLOOKUP(B20,'02-03-07'!B$3:B$24,'02-03-07'!A$3:A$24) -> #NAME? | D20: SP3-OK1 | E20: Station de Pompage SP3-OK1 | F20: 37930 | G20: 38551 | H20: NULL | I20: 1 | J20: Pumping Station | K20: 7 | L20: 10 | M20: =CONCATENATE("(",A20,",'",D20,"','",E20,"','",TEXT(F20,"yyyy-mm-dd"),"','",TEXT(G20,"yyyy-mm-dd"),"',",H20,",",I20,",",L20,"),") -> (58,'SP3-OK1','Station de Pompage SP3-OK1','2003-11-05','2005-07-18',NULL,1,10),
A21: 59 | B21: OK1 | C21: =_xlfn.XLOOKUP(B21,'02-03-07'!B$3:B$24,'02-03-07'!A$3:A$24) -> #NAME? | D21: SP4-OK1 | E21: Station de Pompage SP4-OK1 | F21: 38125 | G21: 38739 | H21: NULL | I21: 1 | J21: Pumping Station | K21: 7 | L21: 10 | M21: =CONCATENATE("(",A21,",'",D21,"','",E21,"','",TEXT(F21,"yyyy-mm-dd"),"','",TEXT(G21,"yyyy-mm-dd"),"',",H21,",",I21,",",L21,"),") -> (59,'SP4-OK1','Station de Pompage SP4-OK1','2004-05-18','2006-01-22',NULL,1,10),
A22: 60 | B22: OB1/OG1 | C22: =_xlfn.XLOOKUP(B22,'02-03-07'!B$3:B$24,'02-03-07'!A$3:A$24) -> #NAME? | D22: SP1-OB1 | E22: Station de Pompage SP1-OB1 | F22: 37327 | G22: 37950 | H22: NULL | I22: 1 | J22: Pumping Station | K22: 7 | L22: 10 | M22: =CONCATENATE("(",A22,",'",D22,"','",E22,"','",TEXT(F22,"yyyy-mm-dd"),"','",TEXT(G22,"yyyy-mm-dd"),"',",H22,",",I22,",",L22,"),") -> (60,'SP1-OB1','Station de Pompage SP1-OB1','2002-03-12','2003-11-25',NULL,1,10),
A23: 61 | B23: OB1/OG1 | C23: =_xlfn.XLOOKUP(B23,'02-03-07'!B$3:B$24,'02-03-07'!A$3:A$24) -> #NAME? | D23: SP1-BIS-OB1 | E23: Station de Pompage SP1-BIS-OB1 | F23: 39649 | G23: 40283 | H23: NULL | I23: 1 | J23: Pumping Station | K23: 7 | L23: 10 | M23: =CONCATENATE("(",A23,",'",D23,"','",E23,"','",TEXT(F23,"yyyy-mm-dd"),"','",TEXT(G23,"yyyy-mm-dd"),"',",H23,",",I23,",",L23,"),") -> (61,'SP1-BIS-OB1','Station de Pompage SP1-BIS-OB1','2008-07-20','2010-04-15',NULL,1,10),
A24: 62 | B24: OB1/OG1 | C24: =_xlfn.XLOOKUP(B24,'02-03-07'!B$3:B$24,'02-03-07'!A$3:A$24) -> #NAME? | D24: SP2-OB1 | E24: Station de Pompage SP2-OB1 | F24: 37874 | G24: 38521 | H24: NULL | I24: 1 | J24: Pumping Station | K24: 7 | L24: 10 | M24: =CONCATENATE("(",A24,",'",D24,"','",E24,"','",TEXT(F24,"yyyy-mm-dd"),"','",TEXT(G24,"yyyy-mm-dd"),"',",H24,",",I24,",",L24,"),") -> (62,'SP2-OB1','Station de Pompage SP2-OB1','2003-09-10','2005-06-18',NULL,1,10),
A25: 63 | B25: OB1/OG1 | C25: =_xlfn.XLOOKUP(B25,'02-03-07'!B$3:B$24,'02-03-07'!A$3:A$24) -> #NAME? | D25: SP3-OB1 | E25: Station de Pompage SP3-OB1 | F25: 38326 | G25: 38951 | H25: NULL | I25: 1 | J25: Pumping Station | K25: 7 | L25: 10 | M25: =CONCATENATE("(",A25,",'",D25,"','",E25,"','",TEXT(F25,"yyyy-mm-dd"),"','",TEXT(G25,"yyyy-mm-dd"),"',",H25,",",I25,",",L25,"),") -> (63,'SP3-OB1','Station de Pompage SP3-OB1','2004-12-05','2006-08-22',NULL,1,10),
A26: 64 | B26: OB1/OG1 | C26: =_xlfn.XLOOKUP(B26,'02-03-07'!B$3:B$24,'02-03-07'!A$3:A$24) -> #NAME? | D26: SP1-OG1 | E26: Station de Pompage SP1-OG1 | F26: 39190 | G26: 39843 | H26: NULL | I26: 1 | J26: Pumping Station | K26: 7 | L26: 10 | M26: =CONCATENATE("(",A26,",'",D26,"','",E26,"','",TEXT(F26,"yyyy-mm-dd"),"','",TEXT(G26,"yyyy-mm-dd"),"',",H26,",",I26,",",L26,"),") -> (64,'SP1-OG1','Station de Pompage SP1-OG1','2007-04-18','2009-01-30',NULL,1,10),
A27: 65 | B27: OB1/OG1 | C27: =_xlfn.XLOOKUP(B27,'02-03-07'!B$3:B$24,'02-03-07'!A$3:A$24) -> #NAME? | D27: SP1-OB1-D | E27: =CONCATENATE("Station de Pompage ",D27) -> Station de Pompage SP1-OB1-D | F27: 21916 | G27: 21916 | H27: 43830 | I27: 8 | J27: Pumping Station | K27: 7 | L27: 10 | M27: =CONCATENATE("(",A27,",'",D27,"','",E27,"','",TEXT(F27,"yyyy-mm-dd"),"','",TEXT(G27,"yyyy-mm-dd"),"','",TEXT(H27,"yyyy-mm-dd"),"',",I27,",",L27,"),") -> (65,'SP1-OB1-D','Station de Pompage SP1-OB1-D','1960-01-01','1960-01-01','2019-12-31',8,10),
A28: 66 | B28: OB1/OG1 | C28: =_xlfn.XLOOKUP(B28,'02-03-07'!B$3:B$24,'02-03-07'!A$3:A$24) -> #NAME? | D28: SP1-BIS-OB1-D | E28: =CONCATENATE("Station de Pompage ",D28) -> Station de Pompage SP1-BIS-OB1-D | F28: 21916 | G28: 21916 | H28: 39447 | I28: 8 | J28: Pumping Station | K28: 7 | L28: 10 | M28: =CONCATENATE("(",A28,",'",D28,"','",E28,"','",TEXT(F28,"yyyy-mm-dd"),"','",TEXT(G28,"yyyy-mm-dd"),"','",TEXT(H28,"yyyy-mm-dd"),"',",I28,",",L28,"),") -> (66,'SP1-BIS-OB1-D','Station de Pompage SP1-BIS-OB1-D','1960-01-01','1960-01-01','2007-12-31',8,10),
A29: 67 | B29: OB1/OG1 | C29: =_xlfn.XLOOKUP(B29,'02-03-07'!B$3:B$24,'02-03-07'!A$3:A$24) -> #NAME? | D29: SP2-OB1-D | E29: =CONCATENATE("Station de Pompage ",D29) -> Station de Pompage SP2-OB1-D | F29: 21916 | G29: 21916 | H29: 39813 | I29: 8 | J29: Pumping Station | K29: 7 | L29: 10 | M29: =CONCATENATE("(",A29,",'",D29,"','",E29,"','",TEXT(F29,"yyyy-mm-dd"),"','",TEXT(G29,"yyyy-mm-dd"),"','",TEXT(H29,"yyyy-mm-dd"),"',",I29,",",L29,"),") -> (67,'SP2-OB1-D','Station de Pompage SP2-OB1-D','1960-01-01','1960-01-01','2008-12-31',8,10),
A30: 68 | B30: OB1/OG1 | C30: =_xlfn.XLOOKUP(B30,'02-03-07'!B$3:B$24,'02-03-07'!A$3:A$24) -> #NAME? | D30: SP3-OB1-D | E30: =CONCATENATE("Station de Pompage ",D30) -> Station de Pompage SP3-OB1-D | F30: 21551 | G30: 21551 | H30: 39813 | I30: 8 | J30: Pumping Station | K30: 7 | L30: 10 | M30: =CONCATENATE("(",A30,",'",D30,"','",E30,"','",TEXT(F30,"yyyy-mm-dd"),"','",TEXT(G30,"yyyy-mm-dd"),"','",TEXT(H30,"yyyy-mm-dd"),"',",I30,",",L30,"),") -> (68,'SP3-OB1-D','Station de Pompage SP3-OB1-D','1959-01-01','1959-01-01','2008-12-31',8,10),
A31: 69 | B31: OB1/OG1 | C31: =_xlfn.XLOOKUP(B31,'02-03-07'!B$3:B$24,'02-03-07'!A$3:A$24) -> #NAME? | D31: SPA-OB1-D | E31: =CONCATENATE("Station de Pompage ",D31) -> Station de Pompage SPA-OB1-D | F31: 25569 | G31: 25569 | H31: 36160 | I31: 8 | J31: Pumping Station | K31: 7 | L31: 10 | M31: =CONCATENATE("(",A31,",'",D31,"','",E31,"','",TEXT(F31,"yyyy-mm-dd"),"','",TEXT(G31,"yyyy-mm-dd"),"','",TEXT(H31,"yyyy-mm-dd"),"',",I31,",",L31,"),") -> (69,'SPA-OB1-D','Station de Pompage SPA-OB1-D','1970-01-01','1970-01-01','1998-12-31',8,10),
A32: 70 | B32: OB1/OG1 | C32: =_xlfn.XLOOKUP(B32,'02-03-07'!B$3:B$24,'02-03-07'!A$3:A$24) -> #NAME? | D32: SPB-OB1-D | E32: =CONCATENATE("Station de Pompage ",D32) -> Station de Pompage SPB-OB1-D | F32: 25569 | G32: 25569 | H32: 39447 | I32: 8 | J32: Pumping Station | K32: 7 | L32: 10 | M32: =CONCATENATE("(",A32,",'",D32,"','",E32,"','",TEXT(F32,"yyyy-mm-dd"),"','",TEXT(G32,"yyyy-mm-dd"),"','",TEXT(H32,"yyyy-mm-dd"),"',",I32,",",L32,"),") -> (70,'SPB-OB1-D','Station de Pompage SPB-OB1-D','1970-01-01','1970-01-01','2007-12-31',8,10),
A33: 71 | B33: OB1/OG1 | C33: =_xlfn.XLOOKUP(B33,'02-03-07'!B$3:B$24,'02-03-07'!A$3:A$24) -> #NAME? | D33: SPC-OB1-D | E33: =CONCATENATE("Station de Pompage ",D33) -> Station de Pompage SPC-OB1-D | F33: 25569 | G33: 25569 | H33: 37256 | I33: 8 | J33: Pumping Station | K33: 7 | L33: 10 | M33: =CONCATENATE("(",A33,",'",D33,"','",E33,"','",TEXT(F33,"yyyy-mm-dd"),"','",TEXT(G33,"yyyy-mm-dd"),"','",TEXT(H33,"yyyy-mm-dd"),"',",I33,",",L33,"),") -> (71,'SPC-OB1-D','Station de Pompage SPC-OB1-D','1970-01-01','1970-01-01','2001-12-31',8,10),
A34: 72 | B34: OB1/OG1 | C34: =_xlfn.XLOOKUP(B34,'02-03-07'!B$3:B$24,'02-03-07'!A$3:A$24) -> #NAME? | D34: SPD-OB1-D | E34: =CONCATENATE("Station de Pompage ",D34) -> Station de Pompage SPD-OB1-D | F34: 25569 | G34: 25569 | H34: 34699 | I34: 8 | J34: Pumping Station | K34: 7 | L34: 10 | M34: =CONCATENATE("(",A34,",'",D34,"','",E34,"','",TEXT(F34,"yyyy-mm-dd"),"','",TEXT(G34,"yyyy-mm-dd"),"','",TEXT(H34,"yyyy-mm-dd"),"',",I34,",",L34,"),") -> (72,'SPD-OB1-D','Station de Pompage SPD-OB1-D','1970-01-01','1970-01-01','1994-12-31',8,10),
A35: 73 | B35: OB1/OG1 | C35: =_xlfn.XLOOKUP(B35,'02-03-07'!B$3:B$24,'02-03-07'!A$3:A$24) -> #NAME? | D35: SP-OG1-D | E35: =CONCATENATE("Station de Pompage ",D35) -> Station de Pompage SP-OG1-D | F35: 25934 | G35: 25934 | H35: 38717 | I35: 8 | J35: Pumping Station | K35: 7 | L35: 10 | M35: =CONCATENATE("(",A35,",'",D35,"','",E35,"','",TEXT(F35,"yyyy-mm-dd"),"','",TEXT(G35,"yyyy-mm-dd"),"','",TEXT(H35,"yyyy-mm-dd"),"',",I35,",",L35,"),") -> (73,'SP-OG1-D','Station de Pompage SP-OG1-D','1971-01-01','1971-01-01','2005-12-31',8,10),
A36: 74 | B36: OT1 | C36: =_xlfn.XLOOKUP(B36,'02-03-07'!B$3:B$24,'02-03-07'!A$3:A$24) -> #NAME? | D36: SP1-OT1 | E36: =CONCATENATE("Station de Pompage ",D36) -> Station de Pompage SP1-OT1 | F36: 21916 | G36: 21916 | H36: NULL | I36: 1 | J36: Pumping Station | K36: 7 | L36: 10 | M36: =CONCATENATE("(",A36,",'",D36,"','",E36,"','",TEXT(F36,"yyyy-mm-dd"),"','",TEXT(G36,"yyyy-mm-dd"),"',",H36,",",I36,",",L36,"),") -> (74,'SP1-OT1','Station de Pompage SP1-OT1','1960-01-01','1960-01-01',NULL,1,10),
A37: 75 | B37: OT1 | C37: =_xlfn.XLOOKUP(B37,'02-03-07'!B$3:B$24,'02-03-07'!A$3:A$24) -> #NAME? | D37: SP2-OT1 | E37: =CONCATENATE("Station de Pompage ",D37) -> Station de Pompage SP2-OT1 | F37: 21916 | G37: 21916 | H37: NULL | I37: 1 | J37: Pumping Station | K37: 7 | L37: 10 | M37: =CONCATENATE("(",A37,",'",D37,"','",E37,"','",TEXT(F37,"yyyy-mm-dd"),"','",TEXT(G37,"yyyy-mm-dd"),"',",H37,",",I37,",",L37,"),") -> (75,'SP2-OT1','Station de Pompage SP2-OT1','1960-01-01','1960-01-01',NULL,1,10),
A38: 76 | B38: OH1 | C38: =_xlfn.XLOOKUP(B38,'02-03-07'!B$3:B$24,'02-03-07'!A$3:A$24) -> #NAME? | D38: OPS1-OH1 | E38: =CONCATENATE("Station de Pompage ",D38) -> Station de Pompage OPS1-OH1 | F38: 27395 | G38: 27395 | H38: NULL | I38: 1 | J38: Pumping Station | K38: 7 | L38: 10 | M38: =CONCATENATE("(",A38,",'",D38,"','",E38,"','",TEXT(F38,"yyyy-mm-dd"),"','",TEXT(G38,"yyyy-mm-dd"),"',",H38,",",I38,",",L38,"),") -> (76,'OPS1-OH1','Station de Pompage OPS1-OH1','1975-01-01','1975-01-01',NULL,1,10),
A39: 77 | B39: OH1 | C39: =_xlfn.XLOOKUP(B39,'02-03-07'!B$3:B$24,'02-03-07'!A$3:A$24) -> #NAME? | D39: OPS2-OH1 | E39: =CONCATENATE("Station de Pompage ",D39) -> Station de Pompage OPS2-OH1 | F39: 27395 | G39: 27395 | H39: NULL | I39: 1 | J39: Pumping Station | K39: 7 | L39: 10 | M39: =CONCATENATE("(",A39,",'",D39,"','",E39,"','",TEXT(F39,"yyyy-mm-dd"),"','",TEXT(G39,"yyyy-mm-dd"),"',",H39,",",I39,",",L39,"),") -> (77,'OPS2-OH1','Station de Pompage OPS2-OH1','1975-01-01','1975-01-01',NULL,1,10),
A40: 78 | B40: OH1 | C40: =_xlfn.XLOOKUP(B40,'02-03-07'!B$3:B$24,'02-03-07'!A$3:A$24) -> #NAME? | D40: OPS4-OH1 | E40: =CONCATENATE("Station de Pompage ",D40) -> Station de Pompage OPS4-OH1 | F40: 27395 | G40: 27395 | H40: NULL | I40: 1 | J40: Pumping Station | K40: 7 | L40: 10 | M40: =CONCATENATE("(",A40,",'",D40,"','",E40,"','",TEXT(F40,"yyyy-mm-dd"),"','",TEXT(G40,"yyyy-mm-dd"),"',",H40,",",I40,",",L40,"),") -> (78,'OPS4-OH1','Station de Pompage OPS4-OH1','1975-01-01','1975-01-01',NULL,1,10),
A41: 79 | B41: OD1/OD3/OH2 | C41: =_xlfn.XLOOKUP(B41,'02-03-07'!B$3:B$24,'02-03-07'!A$3:A$24) -> #NAME? | D41: SP1-OD1 | E41: =CONCATENATE("Station de Pompage ",D41) -> Station de Pompage SP1-OD1 | F41: 28207 | G41: 28207 | H41: NULL | I41: 1 | J41: Pumping Station | K41: 7 | L41: 10 | M41: =CONCATENATE("(",A41,",'",D41,"','",E41,"','",TEXT(F41,"yyyy-mm-dd"),"','",TEXT(G41,"yyyy-mm-dd"),"',",H41,",",I41,",",L41,"),") -> (79,'SP1-OD1','Station de Pompage SP1-OD1','1977-03-23','1977-03-23',NULL,1,10),
A42: 80 | B42: OD1/OD3/OH2 | C42: =_xlfn.XLOOKUP(B42,'02-03-07'!B$3:B$24,'02-03-07'!A$3:A$24) -> #NAME? | D42: SP1-OH2 | E42: =CONCATENATE("Station de Pompage ",D42) -> Station de Pompage SP1-OH2 | F42: 26399 | G42: 26399 | H42: NULL | I42: 1 | J42: Pumping Station | K42: 7 | L42: 10 | M42: =CONCATENATE("(",A42,",'",D42,"','",E42,"','",TEXT(F42,"yyyy-mm-dd"),"','",TEXT(G42,"yyyy-mm-dd"),"',",H42,",",I42,",",L42,"),") -> (80,'SP1-OH2','Station de Pompage SP1-OH2','1972-04-10','1972-04-10',NULL,1,10),
A43: 81 | B43: OH3/OH4 | C43: =_xlfn.XLOOKUP(B43,'02-03-07'!B$3:B$24,'02-03-07'!A$3:A$24) -> #NAME? | D43: SP1-OH3/OH4 | E43: =CONCATENATE("Station de Pompage ",D43) -> Station de Pompage SP1-OH3/OH4 | F43: 37927 | G43: 37927 | H43: NULL | I43: 1 | J43: Pumping Station | K43: 7 | L43: 10 | M43: =CONCATENATE("(",A43,",'",D43,"','",E43,"','",TEXT(F43,"yyyy-mm-dd"),"','",TEXT(G43,"yyyy-mm-dd"),"',",H43,",",I43,",",L43,"),") -> (81,'SP1-OH3/OH4','Station de Pompage SP1-OH3/OH4','2003-11-02','2003-11-02',NULL,1,10),
A44: 82 | B44: OH3/OH4 | C44: =_xlfn.XLOOKUP(B44,'02-03-07'!B$3:B$24,'02-03-07'!A$3:A$24) -> #NAME? | D44: SP2-OH3/OH4 | E44: =CONCATENATE("Station de Pompage ",D44) -> Station de Pompage SP2-OH3/OH4 | F44: 37721 | G44: 37721 | H44: NULL | I44: 2 | J44: Pumping Station | K44: 7 | L44: 10 | M44: =CONCATENATE("(",A44,",'",D44,"','",E44,"','",TEXT(F44,"yyyy-mm-dd"),"','",TEXT(G44,"yyyy-mm-dd"),"',",H44,",",I44,",",L44,"),") -> (82,'SP2-OH3/OH4','Station de Pompage SP2-OH3/OH4','2003-04-10','2003-04-10',NULL,2,10),
A45: 83 | B45: NZ1 | C45: =_xlfn.XLOOKUP(B45,'02-03-07'!B$3:B$24,'02-03-07'!A$3:A$24) -> #NAME? | D45: SP4-NZ1 | E45: =CONCATENATE("Station de Pompage ",D45) -> Station de Pompage SP4-NZ1 | F45: 28796 | G45: 28796 | H45: NULL | I45: 1 | J45: Pumping Station | K45: 7 | L45: 10 | M45: =CONCATENATE("(",A45,",'",D45,"','",E45,"','",TEXT(F45,"yyyy-mm-dd"),"','",TEXT(G45,"yyyy-mm-dd"),"',",H45,",",I45,",",L45,"),") -> (83,'SP4-NZ1','Station de Pompage SP4-NZ1','1978-11-02','1978-11-02',NULL,1,10),
A46: 84 | B46: NZ1 | C46: =_xlfn.XLOOKUP(B46,'02-03-07'!B$3:B$24,'02-03-07'!A$3:A$24) -> #NAME? | D46: SP5-NZ1 | E46: =CONCATENATE("Station de Pompage ",D46) -> Station de Pompage SP5-NZ1 | F46: 28796 | G46: 28796 | H46: NULL | I46: 1 | J46: Pumping Station | K46: 7 | L46: 10 | M46: =CONCATENATE("(",A46,",'",D46,"','",E46,"','",TEXT(F46,"yyyy-mm-dd"),"','",TEXT(G46,"yyyy-mm-dd"),"',",H46,",",I46,",",L46,"),") -> (84,'SP5-NZ1','Station de Pompage SP5-NZ1','1978-11-02','1978-11-02',NULL,1,10),
A47: 85 | B47: NZ1 | C47: =_xlfn.XLOOKUP(B47,'02-03-07'!B$3:B$24,'02-03-07'!A$3:A$24) -> #NAME? | D47: SP6-NZ1 | E47: =CONCATENATE("Station de Pompage ",D47) -> Station de Pompage SP6-NZ1 | F47: 28796 | G47: 28796 | H47: NULL | I47: 1 | J47: Pumping Station | K47: 7 | L47: 10 | M47: =CONCATENATE("(",A47,",'",D47,"','",E47,"','",TEXT(F47,"yyyy-mm-dd"),"','",TEXT(G47,"yyyy-mm-dd"),"',",H47,",",I47,",",L47,"),") -> (85,'SP6-NZ1','Station de Pompage SP6-NZ1','1978-11-02','1978-11-02',NULL,1,10),
A48: 86 | B48: NZ1 | C48: =_xlfn.XLOOKUP(B48,'02-03-07'!B$3:B$24,'02-03-07'!A$3:A$24) -> #NAME? | D48: PRS-NZ1 | E48: =CONCATENATE("Station de Régulation ",D48) -> Station de Régulation PRS-NZ1 | F48: 28796 | G48: 28796 | H48: NULL | I48: 1 | J48: Regulator Station | K48: 9 | L48: 10 | M48: =CONCATENATE("(",A48,",'",D48,"','",E48,"','",TEXT(F48,"yyyy-mm-dd"),"','",TEXT(G48,"yyyy-mm-dd"),"',",H48,",",I48,",",L48,"),") -> (86,'PRS-NZ1','Station de Régulation PRS-NZ1','1978-11-02','1978-11-02',NULL,1,10),
A49: 87 | B49: NK1 | C49: =_xlfn.XLOOKUP(B49,'02-03-07'!B$3:B$24,'02-03-07'!A$3:A$24) -> #NAME? | D49: SP1-NK1 | E49: =CONCATENATE("Station de Pompage ",D49) -> Station de Pompage SP1-NK1 | F49: 39814 | G49: 39814 | H49: NULL | I49: 1 | J49: Pumping Station | K49: 7 | L49: 10 | M49: =CONCATENATE("(",A49,",'",D49,"','",E49,"','",TEXT(F49,"yyyy-mm-dd"),"','",TEXT(G49,"yyyy-mm-dd"),"',",H49,",",I49,",",L49,"),") -> (87,'SP1-NK1','Station de Pompage SP1-NK1','2009-01-01','2009-01-01',NULL,1,10),
A50: 88 | B50: NK1 | C50: =_xlfn.XLOOKUP(B50,'02-03-07'!B$3:B$24,'02-03-07'!A$3:A$24) -> #NAME? | D50: SP3-NK1 | E50: =CONCATENATE("Station de Pompage ",D50) -> Station de Pompage SP3-NK1 | F50: 39814 | G50: 39814 | H50: NULL | I50: 1 | J50: Pumping Station | K50: 7 | L50: 10 | M50: =CONCATENATE("(",A50,",'",D50,"','",E50,"','",TEXT(F50,"yyyy-mm-dd"),"','",TEXT(G50,"yyyy-mm-dd"),"',",H50,",",I50,",",L50,"),") -> (88,'SP3-NK1','Station de Pompage SP3-NK1','2009-01-01','2009-01-01',NULL,1,10),
A51: 89 | B51: LZ1/LZ2 | C51: =_xlfn.XLOOKUP(B51,'02-03-07'!B$3:B$24,'02-03-07'!A$3:A$24) -> #NAME? | D51: SP4-LNZ1 | E51: =CONCATENATE("Station de Pompage ",D51) -> Station de Pompage SP4-LNZ1 | F51: 26950 | G51: 26950 | H51: 39082 | I51: 8 | J51: Pumping Station | K51: 7 | L51: 10 | M51: =CONCATENATE("(",A51,",'",D51,"','",E51,"','",TEXT(F51,"yyyy-mm-dd"),"','",TEXT(G51,"yyyy-mm-dd"),"','",TEXT(H51,"yyyy-mm-dd"),"',",I51,",",L51,"),") -> (89,'SP4-LNZ1','Station de Pompage SP4-LNZ1','1973-10-13','1973-10-13','2006-12-31',8,10),
A52: 90 | B52: LZ1/LZ2 | C52: =_xlfn.XLOOKUP(B52,'02-03-07'!B$3:B$24,'02-03-07'!A$3:A$24) -> #NAME? | D52: SP5-LNZ1 | E52: =CONCATENATE("Station de Pompage ",D52) -> Station de Pompage SP5-LNZ1 | F52: 26950 | G52: 26950 | H52: 39082 | I52: 8 | J52: Pumping Station | K52: 7 | L52: 10 | M52: =CONCATENATE("(",A52,",'",D52,"','",E52,"','",TEXT(F52,"yyyy-mm-dd"),"','",TEXT(G52,"yyyy-mm-dd"),"','",TEXT(H52,"yyyy-mm-dd"),"',",I52,",",L52,"),") -> (90,'SP5-LNZ1','Station de Pompage SP5-LNZ1','1973-10-13','1973-10-13','2006-12-31',8,10),
A53: 91 | B53: LZ1/LZ2 | C53: =_xlfn.XLOOKUP(B53,'02-03-07'!B$3:B$24,'02-03-07'!A$3:A$24) -> #NAME? | D53: SP6-LNZ1 | E53: =CONCATENATE("Station de Pompage ",D53) -> Station de Pompage SP6-LNZ1 | F53: 26950 | G53: 26950 | H53: 39082 | I53: 8 | J53: Pumping Station | K53: 7 | L53: 10 | M53: =CONCATENATE("(",A53,",'",D53,"','",E53,"','",TEXT(F53,"yyyy-mm-dd"),"','",TEXT(G53,"yyyy-mm-dd"),"','",TEXT(H53,"yyyy-mm-dd"),"',",I53,",",L53,"),") -> (91,'SP6-LNZ1','Station de Pompage SP6-LNZ1','1973-10-13','1973-10-13','2006-12-31',8,10),
A54: 92 | B54: LZ1/LZ2 | C54: =_xlfn.XLOOKUP(B54,'02-03-07'!B$3:B$24,'02-03-07'!A$3:A$24) -> #NAME? | D54: PRS-LNZ1 | E54: =CONCATENATE("Station de Pompage ",D54) -> Station de Pompage PRS-LNZ1 | F54: 26950 | G54: 26950 | H54: 39082 | I54: 8 | J54: Regulator Station | K54: 9 | L54: 10 | M54: =CONCATENATE("(",A54,",'",D54,"','",E54,"','",TEXT(F54,"yyyy-mm-dd"),"','",TEXT(G54,"yyyy-mm-dd"),"','",TEXT(H54,"yyyy-mm-dd"),"',",I54,",",L54,"),") -> (92,'PRS-LNZ1','Station de Pompage PRS-LNZ1','1973-10-13','1973-10-13','2006-12-31',8,10),
A55: 93 | B55: LZ1/LZ2 | C55: =_xlfn.XLOOKUP(B55,'02-03-07'!B$3:B$24,'02-03-07'!A$3:A$24) -> #NAME? | D55: SP1-LZ1 | E55: =CONCATENATE("Station de Pompage ",D55) -> Station de Pompage SP1-LZ1 | F55: 30714 | G55: 30714 | H55: NULL | I55: 1 | J55: Pumping Station | K55: 7 | L55: 10 | M55: =CONCATENATE("(",A55,",'",D55,"','",E55,"','",TEXT(F55,"yyyy-mm-dd"),"','",TEXT(G55,"yyyy-mm-dd"),"',",H55,",",I55,",",L55,"),") -> (93,'SP1-LZ1','Station de Pompage SP1-LZ1','1984-02-02','1984-02-02',NULL,1,10),
A56: 94 | B56: LZ1/LZ2 | C56: =_xlfn.XLOOKUP(B56,'02-03-07'!B$3:B$24,'02-03-07'!A$3:A$24) -> #NAME? | D56: SP2-LZ1 | E56: =CONCATENATE("Station de Pompage ",D56) -> Station de Pompage SP2-LZ1 | F56: 38997 | G56: 38997 | H56: NULL | I56: 1 | J56: Pumping Station | K56: 7 | L56: 10 | M56: =CONCATENATE("(",A56,",'",D56,"','",E56,"','",TEXT(F56,"yyyy-mm-dd"),"','",TEXT(G56,"yyyy-mm-dd"),"',",H56,",",I56,",",L56,"),") -> (94,'SP2-LZ1','Station de Pompage SP2-LZ1','2006-10-07','2006-10-07',NULL,1,10),
A57: 95 | B57: LZ1/LZ2 | C57: =_xlfn.XLOOKUP(B57,'02-03-07'!B$3:B$24,'02-03-07'!A$3:A$24) -> #NAME? | D57: PRS-LZ1 | E57: =CONCATENATE("Station de Régulation ",D57) -> Station de Régulation PRS-LZ1 | F57: 41374 | G57: 42029 | H57: NULL | I57: 1 | J57: Regulator Station | K57: 9 | L57: 10 | M57: =CONCATENATE("(",A57,",'",D57,"','",E57,"','",TEXT(F57,"yyyy-mm-dd"),"','",TEXT(G57,"yyyy-mm-dd"),"',",H57,",",I57,",",L57,"),") -> (95,'PRS-LZ1','Station de Régulation PRS-LZ1','2013-04-10','2015-01-25',NULL,1,10),
A58: 96 | B58: LZ1/LZ2 | C58: =_xlfn.XLOOKUP(B58,'02-03-07'!B$3:B$24,'02-03-07'!A$3:A$24) -> #NAME? | D58: SP1-LZ2 | E58: =CONCATENATE("Station de Pompage ",D58) -> Station de Pompage SP1-LZ2 | F58: 40483 | G58: 40483 | H58: NULL | I58: 1 | J58: Pumping Station | K58: 7 | L58: 10 | M58: =CONCATENATE("(",A58,",'",D58,"','",E58,"','",TEXT(F58,"yyyy-mm-dd"),"','",TEXT(G58,"yyyy-mm-dd"),"',",H58,",",I58,",",L58,"),") -> (96,'SP1-LZ2','Station de Pompage SP1-LZ2','2010-11-01','2010-11-01',NULL,1,10),
A59: 97 | B59: LZ1/LZ2 | C59: =_xlfn.XLOOKUP(B59,'02-03-07'!B$3:B$24,'02-03-07'!A$3:A$24) -> #NAME? | D59: PRS-LZ2 | E59: =CONCATENATE("Station de Régulation ",D59) -> Station de Régulation PRS-LZ2 | F59: 41374 | G59: 42029 | H59: NULL | I59: 1 | J59: Regulator Station | K59: 9 | L59: 10 | M59: =CONCATENATE("(",A59,",'",D59,"','",E59,"','",TEXT(F59,"yyyy-mm-dd"),"','",TEXT(G59,"yyyy-mm-dd"),"',",H59,",",I59,",",L59,"),") -> (97,'PRS-LZ2','Station de Régulation PRS-LZ2','2013-04-10','2015-01-25',NULL,1,10),
A60: 98 | B60: LR1/DLR1/ELR1 | C60: =_xlfn.XLOOKUP(B60,'02-03-07'!B$3:B$24,'02-03-07'!A$3:A$24) -> #NAME? | D60: SPRN-LR1 | E60: =CONCATENATE("Station de Pompage ",D60) -> Station de Pompage SPRN-LR1 | F60: 36462 | G60: 36462 | H60: NULL | I60: 1 | J60: Pumping Station | K60: 7 | L60: 10 | M60: =CONCATENATE("(",A60,",'",D60,"','",E60,"','",TEXT(F60,"yyyy-mm-dd"),"','",TEXT(G60,"yyyy-mm-dd"),"',",H60,",",I60,",",L60,"),") -> (98,'SPRN-LR1','Station de Pompage SPRN-LR1','1999-10-29','1999-10-29',NULL,1,10),
A61: 99 | B61: LR1/DLR1/ELR1 | C61: =_xlfn.XLOOKUP(B61,'02-03-07'!B$3:B$24,'02-03-07'!A$3:A$24) -> #NAME? | D61: SP1-LR1 | E61: =CONCATENATE("Station de Pompage ",D61) -> Station de Pompage SP1-LR1 | F61: 35065 | G61: 35065 | H61: 44926 | I61: 8 | J61: Pumping Station | K61: 7 | L61: 10 | M61: =CONCATENATE("(",A61,",'",D61,"','",E61,"','",TEXT(F61,"yyyy-mm-dd"),"','",TEXT(G61,"yyyy-mm-dd"),"',",H61,",",I61,",",L61,"),") -> (99,'SP1-LR1','Station de Pompage SP1-LR1','1996-01-01','1996-01-01',44926,8,10),
A62: 100 | B62: LR1/DLR1/ELR1 | C62: =_xlfn.XLOOKUP(B62,'02-03-07'!B$3:B$24,'02-03-07'!A$3:A$24) -> #NAME? | D62: SP1New-LR1 | E62: =CONCATENATE("Station de Pompage ",D62) -> Station de Pompage SP1New-LR1 | F62: 43132 | G62: 43132 | H62: NULL | I62: 1 | J62: Pumping Station | K62: 7 | L62: 10 | M62: =CONCATENATE("(",A62,",'",D62,"','",E62,"','",TEXT(F62,"yyyy-mm-dd"),"','",TEXT(G62,"yyyy-mm-dd"),"',",H62,",",I62,",",L62,"),") -> (100,'SP1New-LR1','Station de Pompage SP1New-LR1','2018-02-01','2018-02-01',NULL,1,10),
A63: 101 | B63: LR1/DLR1/ELR1 | C63: =_xlfn.XLOOKUP(B63,'02-03-07'!B$3:B$24,'02-03-07'!A$3:A$24) -> #NAME? | D63: SP2-LR1 | E63: =CONCATENATE("Station de Pompage ",D63) -> Station de Pompage SP2-LR1 | F63: 35065 | G63: 35065 | H63: NULL | I63: 1 | J63: Pumping Station | K63: 7 | L63: 10 | M63: =CONCATENATE("(",A63,",'",D63,"','",E63,"','",TEXT(F63,"yyyy-mm-dd"),"','",TEXT(G63,"yyyy-mm-dd"),"',",H63,",",I63,",",L63,"),") -> (101,'SP2-LR1','Station de Pompage SP2-LR1','1996-01-01','1996-01-01',NULL,1,10),
A64: 102 | B64: LR1/DLR1/ELR1 | C64: =_xlfn.XLOOKUP(B64,'02-03-07'!B$3:B$24,'02-03-07'!A$3:A$24) -> #NAME? | D64: SP1-LNZ1 | E64: =CONCATENATE("Station de Pompage ",D64) -> Station de Pompage SP1-LNZ1 | F64: 26665 | G64: 26665 | H64: 40178 | I64: 8 | J64: Pumping Station | K64: 7 | L64: 10 | M64: =CONCATENATE("(",A64,",'",D64,"','",E64,"','",TEXT(F64,"yyyy-mm-dd"),"','",TEXT(G64,"yyyy-mm-dd"),"',",H64,",",I64,",",L64,"),") -> (102,'SP1-LNZ1','Station de Pompage SP1-LNZ1','1973-01-01','1973-01-01',40178,8,10),
A65: 103 | B65: LR1/DLR1/ELR1 | C65: =_xlfn.XLOOKUP(B65,'02-03-07'!B$3:B$24,'02-03-07'!A$3:A$24) -> #NAME? | D65: SP3-LNZ1 | E65: =CONCATENATE("Station de Pompage ",D65) -> Station de Pompage SP3-LNZ1 | F65: 27030 | G65: 27030 | H65: 40178 | I65: 8 | J65: Pumping Station | K65: 7 | L65: 10 | M65: =CONCATENATE("(",A65,",'",D65,"','",E65,"','",TEXT(F65,"yyyy-mm-dd"),"','",TEXT(G65,"yyyy-mm-dd"),"',",H65,",",I65,",",L65,"),") -> (103,'SP3-LNZ1','Station de Pompage SP3-LNZ1','1974-01-01','1974-01-01',40178,8,10),
A66: 104 | B66: GZ0 | C66: =_xlfn.XLOOKUP(B66,'02-03-07'!B$3:B$24,'02-03-07'!A$3:A$24) -> #NAME? | D66: SC1-GZ0 | E66: =CONCATENATE("Station de Pompage ",D66) -> Station de Pompage SC1-GZ0 | F66: 23743 | G66: 23743 | H66: 44838 | I66: 8 | J66: Pumping Station | K66: 7 | L66: 10 | M66: =CONCATENATE("(",A66,",'",D66,"','",E66,"','",TEXT(F66,"yyyy-mm-dd"),"','",TEXT(G66,"yyyy-mm-dd"),"',",H66,",",I66,",",L66,"),") -> (104,'SC1-GZ0','Station de Pompage SC1-GZ0','1965-01-01','1965-01-01',44838,8,10),
A67: 105 | B67: GZ0 | C67: =_xlfn.XLOOKUP(B67,'02-03-07'!B$3:B$24,'02-03-07'!A$3:A$24) -> #NAME? | D67: SC2-GZ0 | E67: =CONCATENATE("Station de Pompage ",D67) -> Station de Pompage SC2-GZ0 | F67: 26299 | G67: 26299 | H67: 44838 | I67: 8 | J67: Pumping Station | K67: 7 | L67: 10 | M67: =CONCATENATE("(",A67,",'",D67,"','",E67,"','",TEXT(F67,"yyyy-mm-dd"),"','",TEXT(G67,"yyyy-mm-dd"),"',",H67,",",I67,",",L67,"),") -> (105,'SC2-GZ0','Station de Pompage SC2-GZ0','1972-01-01','1972-01-01',44838,8,10),
A68: 106 | B68: GZ0 | C68: =_xlfn.XLOOKUP(B68,'02-03-07'!B$3:B$24,'02-03-07'!A$3:A$24) -> #NAME? | D68: SC3-GZ0 | E68: =CONCATENATE("Station de Pompage ",D68) -> Station de Pompage SC3-GZ0 | F68: 23743 | G68: 23743 | H68: 44838 | I68: 8 | J68: Pumping Station | K68: 7 | L68: 10 | M68: =CONCATENATE("(",A68,",'",D68,"','",E68,"','",TEXT(F68,"yyyy-mm-dd"),"','",TEXT(G68,"yyyy-mm-dd"),"',",H68,",",I68,",",L68,"),") -> (106,'SC3-GZ0','Station de Pompage SC3-GZ0','1965-01-01','1965-01-01',44838,8,10),
A69: 107 | B69: GZ0 | C69: =_xlfn.XLOOKUP(B69,'02-03-07'!B$3:B$24,'02-03-07'!A$3:A$24) -> #NAME? | D69: SC4-GZ0 | E69: =CONCATENATE("Station de Pompage ",D69) -> Station de Pompage SC4-GZ0 | F69: 26299 | G69: 26299 | H69: 44838 | I69: 8 | J69: Pumping Station | K69: 7 | L69: 10 | M69: =CONCATENATE("(",A69,",'",D69,"','",E69,"','",TEXT(F69,"yyyy-mm-dd"),"','",TEXT(G69,"yyyy-mm-dd"),"',",H69,",",I69,",",L69,"),") -> (107,'SC4-GZ0','Station de Pompage SC4-GZ0','1972-01-01','1972-01-01',44838,8,10),
A70: 108 | B70: GZ1/GZ2/GZ3 | C70: =_xlfn.XLOOKUP(B70,'02-03-07'!B$3:B$24,'02-03-07'!A$3:A$24) -> #NAME? | D70: SC1-GZ1 | E70: =CONCATENATE("Station de Pompage ",D70) -> Station de Pompage SC1-GZ1 | F70: 28491 | G70: 28491 | H70: NULL | I70: 1 | J70: Pumping Station | K70: 7 | L70: 10 | M70: =CONCATENATE("(",A70,",'",D70,"','",E70,"','",TEXT(F70,"yyyy-mm-dd"),"','",TEXT(G70,"yyyy-mm-dd"),"',",H70,",",I70,",",L70,"),") -> (108,'SC1-GZ1','Station de Pompage SC1-GZ1','1978-01-01','1978-01-01',NULL,1,10),
A71: 109 | B71: GZ1/GZ2/GZ3 | C71: =_xlfn.XLOOKUP(B71,'02-03-07'!B$3:B$24,'02-03-07'!A$3:A$24) -> #NAME? | D71: SC2-GZ1 | E71: =CONCATENATE("Station de Pompage ",D71) -> Station de Pompage SC2-GZ1 | F71: 28856 | G71: 28856 | H71: NULL | I71: 1 | J71: Pumping Station | K71: 7 | L71: 10 | M71: =CONCATENATE("(",A71,",'",D71,"','",E71,"','",TEXT(F71,"yyyy-mm-dd"),"','",TEXT(G71,"yyyy-mm-dd"),"',",H71,",",I71,",",L71,"),") -> (109,'SC2-GZ1','Station de Pompage SC2-GZ1','1979-01-01','1979-01-01',NULL,1,10),
A72: 110 | B72: GZ1/GZ2/GZ3 | C72: =_xlfn.XLOOKUP(B72,'02-03-07'!B$3:B$24,'02-03-07'!A$3:A$24) -> #NAME? | D72: SC3-GZ1 | E72: =CONCATENATE("Station de Pompage ",D72) -> Station de Pompage SC3-GZ1 | F72: 28491 | G72: 28491 | H72: NULL | I72: 1 | J72: Pumping Station | K72: 7 | L72: 10 | M72: =CONCATENATE("(",A72,",'",D72,"','",E72,"','",TEXT(F72,"yyyy-mm-dd"),"','",TEXT(G72,"yyyy-mm-dd"),"',",H72,",",I72,",",L72,"),") -> (110,'SC3-GZ1','Station de Pompage SC3-GZ1','1978-01-01','1978-01-01',NULL,1,10),
A73: 111 | B73: GZ1/GZ2/GZ3 | C73: =_xlfn.XLOOKUP(B73,'02-03-07'!B$3:B$24,'02-03-07'!A$3:A$24) -> #NAME? | D73: SC4-GZ1 | E73: =CONCATENATE("Station de Pompage ",D73) -> Station de Pompage SC4-GZ1 | F73: 28856 | G73: 28856 | H73: NULL | I73: 1 | J73: Pumping Station | K73: 7 | L73: 10 | M73: =CONCATENATE("(",A73,",'",D73,"','",E73,"','",TEXT(F73,"yyyy-mm-dd"),"','",TEXT(G73,"yyyy-mm-dd"),"',",H73,",",I73,",",L73,"),") -> (111,'SC4-GZ1','Station de Pompage SC4-GZ1','1979-01-01','1979-01-01',NULL,1,10),
A74: 112 | B74: GZ1/GZ2/GZ3 | C74: =_xlfn.XLOOKUP(B74,'02-03-07'!B$3:B$24,'02-03-07'!A$3:A$24) -> #NAME? | D74: SC5-GZ1 | E74: =CONCATENATE("Station de Pompage ",D74) -> Station de Pompage SC5-GZ1 | F74: 28491 | G74: 28491 | H74: NULL | I74: 1 | J74: Pumping Station | K74: 7 | L74: 10 | M74: =CONCATENATE("(",A74,",'",D74,"','",E74,"','",TEXT(F74,"yyyy-mm-dd"),"','",TEXT(G74,"yyyy-mm-dd"),"',",H74,",",I74,",",L74,"),") -> (112,'SC5-GZ1','Station de Pompage SC5-GZ1','1978-01-01','1978-01-01',NULL,1,10),
A75: 113 | B75: GZ1/GZ2/GZ3 | C75: =_xlfn.XLOOKUP(B75,'02-03-07'!B$3:B$24,'02-03-07'!A$3:A$24) -> #NAME? | D75: SC1-GZ2 | E75: =CONCATENATE("Station de Compression ",D75) -> Station de Compression SC1-GZ2 | F75: 30317 | G75: 30317 | H75: NULL | I75: 1 | J75: Compression Station | K75: 8 | L75: 10 | M75: =CONCATENATE("(",A75,",'",D75,"','",E75,"','",TEXT(F75,"yyyy-mm-dd"),"','",TEXT(G75,"yyyy-mm-dd"),"',",H75,",",I75,",",L75,"),") -> (113,'SC1-GZ2','Station de Compression SC1-GZ2','1983-01-01','1983-01-01',NULL,1,10),
A76: 114 | B76: GZ1/GZ2/GZ3 | C76: =_xlfn.XLOOKUP(B76,'02-03-07'!B$3:B$24,'02-03-07'!A$3:A$24) -> #NAME? | D76: SC2-GZ2 | E76: =CONCATENATE("Station de Compression ",D76) -> Station de Compression SC2-GZ2 | F76: 30317 | G76: 30317 | H76: NULL | I76: 1 | J76: Compression Station | K76: 8 | L76: 10 | M76: =CONCATENATE("(",A76,",'",D76,"','",E76,"','",TEXT(F76,"yyyy-mm-dd"),"','",TEXT(G76,"yyyy-mm-dd"),"',",H76,",",I76,",",L76,"),") -> (114,'SC2-GZ2','Station de Compression SC2-GZ2','1983-01-01','1983-01-01',NULL,1,10),
A77: 115 | B77: GZ1/GZ2/GZ3 | C77: =_xlfn.XLOOKUP(B77,'02-03-07'!B$3:B$24,'02-03-07'!A$3:A$24) -> #NAME? | D77: SC3-GZ2 | E77: =CONCATENATE("Station de Compression ",D77) -> Station de Compression SC3-GZ2 | F77: 30317 | G77: 30317 | H77: NULL | I77: 1 | J77: Compression Station | K77: 8 | L77: 10 | M77: =CONCATENATE("(",A77,",'",D77,"','",E77,"','",TEXT(F77,"yyyy-mm-dd"),"','",TEXT(G77,"yyyy-mm-dd"),"',",H77,",",I77,",",L77,"),") -> (115,'SC3-GZ2','Station de Compression SC3-GZ2','1983-01-01','1983-01-01',NULL,1,10),
A78: 116 | B78: GZ1/GZ2/GZ3 | C78: =_xlfn.XLOOKUP(B78,'02-03-07'!B$3:B$24,'02-03-07'!A$3:A$24) -> #NAME? | D78: SC4-GZ2 | E78: =CONCATENATE("Station de Compression ",D78) -> Station de Compression SC4-GZ2 | F78: 30317 | G78: 30317 | H78: NULL | I78: 1 | J78: Compression Station | K78: 8 | L78: 10 | M78: =CONCATENATE("(",A78,",'",D78,"','",E78,"','",TEXT(F78,"yyyy-mm-dd"),"','",TEXT(G78,"yyyy-mm-dd"),"',",H78,",",I78,",",L78,"),") -> (116,'SC4-GZ2','Station de Compression SC4-GZ2','1983-01-01','1983-01-01',NULL,1,10),
A79: 117 | B79: GZ1/GZ2/GZ3 | C79: =_xlfn.XLOOKUP(B79,'02-03-07'!B$3:B$24,'02-03-07'!A$3:A$24) -> #NAME? | D79: SC5-GZ2 | E79: =CONCATENATE("Station de Compression ",D79) -> Station de Compression SC5-GZ2 | F79: 30317 | G79: 30317 | H79: NULL | I79: 1 | J79: Compression Station | K79: 8 | L79: 10 | M79: =CONCATENATE("(",A79,",'",D79,"','",E79,"','",TEXT(F79,"yyyy-mm-dd"),"','",TEXT(G79,"yyyy-mm-dd"),"',",H79,",",I79,",",L79,"),") -> (117,'SC5-GZ2','Station de Compression SC5-GZ2','1983-01-01','1983-01-01',NULL,1,10),
A80: 118 | B80: GZ1/GZ2/GZ3 | C80: =_xlfn.XLOOKUP(B80,'02-03-07'!B$3:B$24,'02-03-07'!A$3:A$24) -> #NAME? | D80: SC1-GZ3 | E80: =CONCATENATE("Station de Compression ",D80) -> Station de Compression SC1-GZ3 | F80: 32874 | G80: 32874 | H80: NULL | I80: 1 | J80: Compression Station | K80: 8 | L80: 10 | M80: =CONCATENATE("(",A80,",'",D80,"','",E80,"','",TEXT(F80,"yyyy-mm-dd"),"','",TEXT(G80,"yyyy-mm-dd"),"',",H80,",",I80,",",L80,"),") -> (118,'SC1-GZ3','Station de Compression SC1-GZ3','1990-01-01','1990-01-01',NULL,1,10),
A81: 119 | B81: GZ1/GZ2/GZ3 | C81: =_xlfn.XLOOKUP(B81,'02-03-07'!B$3:B$24,'02-03-07'!A$3:A$24) -> #NAME? | D81: SC2-GZ3 | E81: =CONCATENATE("Station de Compression ",D81) -> Station de Compression SC2-GZ3 | F81: 32874 | G81: 32874 | H81: NULL | I81: 1 | J81: Compression Station | K81: 8 | L81: 10 | M81: =CONCATENATE("(",A81,",'",D81,"','",E81,"','",TEXT(F81,"yyyy-mm-dd"),"','",TEXT(G81,"yyyy-mm-dd"),"',",H81,",",I81,",",L81,"),") -> (119,'SC2-GZ3','Station de Compression SC2-GZ3','1990-01-01','1990-01-01',NULL,1,10),
A82: 120 | B82: GZ1/GZ2/GZ3 | C82: =_xlfn.XLOOKUP(B82,'02-03-07'!B$3:B$24,'02-03-07'!A$3:A$24) -> #NAME? | D82: SC3-GZ3 | E82: =CONCATENATE("Station de Compression ",D82) -> Station de Compression SC3-GZ3 | F82: 32874 | G82: 32874 | H82: NULL | I82: 1 | J82: Compression Station | K82: 8 | L82: 10 | M82: =CONCATENATE("(",A82,",'",D82,"','",E82,"','",TEXT(F82,"yyyy-mm-dd"),"','",TEXT(G82,"yyyy-mm-dd"),"',",H82,",",I82,",",L82,"),") -> (120,'SC3-GZ3','Station de Compression SC3-GZ3','1990-01-01','1990-01-01',NULL,1,10),
A83: 121 | B83: GZ1/GZ2/GZ3 | C83: =_xlfn.XLOOKUP(B83,'02-03-07'!B$3:B$24,'02-03-07'!A$3:A$24) -> #NAME? | D83: SC4-GZ3 | E83: =CONCATENATE("Station de Compression ",D83) -> Station de Compression SC4-GZ3 | F83: 31778 | G83: 31778 | H83: NULL | I83: 1 | J83: Compression Station | K83: 8 | L83: 10 | M83: =CONCATENATE("(",A83,",'",D83,"','",E83,"','",TEXT(F83,"yyyy-mm-dd"),"','",TEXT(G83,"yyyy-mm-dd"),"',",H83,",",I83,",",L83,"),") -> (121,'SC4-GZ3','Station de Compression SC4-GZ3','1987-01-01','1987-01-01',NULL,1,10),
A84: 122 | B84: GZ1/GZ2/GZ3 | C84: =_xlfn.XLOOKUP(B84,'02-03-07'!B$3:B$24,'02-03-07'!A$3:A$24) -> #NAME? | D84: SC5-GZ3 | E84: =CONCATENATE("Station de Compression ",D84) -> Station de Compression SC5-GZ3 | F84: 31778 | G84: 31778 | H84: NULL | I84: 1 | J84: Compression Station | K84: 8 | L84: 10 | M84: =CONCATENATE("(",A84,",'",D84,"','",E84,"','",TEXT(F84,"yyyy-mm-dd"),"','",TEXT(G84,"yyyy-mm-dd"),"',",H84,",",I84,",",L84,"),") -> (122,'SC5-GZ3','Station de Compression SC5-GZ3','1987-01-01','1987-01-01',NULL,1,10),
A85: 123 | B85: GPDF | C85: =_xlfn.XLOOKUP(B85,'02-03-07'!B$3:B$24,'02-03-07'!A$3:A$24) -> #NAME? | D85: SC3-GPDF | E85: =CONCATENATE("Station de Compression ",D85) -> Station de Compression SC3-GPDF | F85: 38031 | G85: 38031 | H85: NULL | I85: 1 | J85: Compression Station | K85: 8 | L85: 10 | M85: =CONCATENATE("(",A85,",'",D85,"','",E85,"','",TEXT(F85,"yyyy-mm-dd"),"','",TEXT(G85,"yyyy-mm-dd"),"',",H85,",",I85,",",L85,"),") -> (123,'SC3-GPDF','Station de Compression SC3-GPDF','2004-02-14','2004-02-14',NULL,1,10),
A86: 124 | B86: GK1/GK2 | C86: =_xlfn.XLOOKUP(B86,'02-03-07'!B$3:B$24,'02-03-07'!A$3:A$24) -> #NAME? | D86: SCA-GK1 | E86: =CONCATENATE("Station de Compression ",D86) -> Station de Compression SCA-GK1 | F86: 28856 | G86: 28856 | H86: NULL | I86: 1 | J86: Compression Station | K86: 8 | L86: 10 | M86: =CONCATENATE("(",A86,",'",D86,"','",E86,"','",TEXT(F86,"yyyy-mm-dd"),"','",TEXT(G86,"yyyy-mm-dd"),"',",H86,",",I86,",",L86,"),") -> (124,'SCA-GK1','Station de Compression SCA-GK1','1979-01-01','1979-01-01',NULL,1,10),
... A93: 133 | B93: GR1/GR2/GR4/GR6 | C93: =_xlfn.XLOOKUP(B93,'02-03-07'!B$3:B$24,'02-03-07'!A$3:A$24) -> #NAME? | D93: SCTFT-GR2 | E93: =CONCATENATE("Station de Compression ",D93) -> Station de Compression SCTFT-GR2 | F93: 38869 | G93: 42309 | H93: NULL | I93: 1 | J93: Compression Station | K93: 8 | L93: 10 | M93: =CONCATENATE("(",A93,",'",D93,"','",E93,"','",TEXT(F93,"yyyy-mm-dd"),"','",TEXT(G93,"yyyy-mm-dd"),"',",H93,",",I93,",",L93,"),") -> (133,'SCTFT-GR2','Station de Compression SCTFT-GR2','2006-06-01','2015-11-01',NULL,1,10),
A94: 134 | B94: GR1/GR2/GR4/GR6 | C94: =_xlfn.XLOOKUP(B94,'02-03-07'!B$3:B$24,'02-03-07'!A$3:A$24) -> #NAME? | D94: SC1-GR1 | E94: =CONCATENATE("Station de Compression ",D94) -> Station de Compression SC1-GR1 | F94: 31413 | G94: 31413 | H94: 36891 | I94: 8 | J94: Compression Station | K94: 8 | L94: 10 | M94: =CONCATENATE("(",A94,",'",D94,"','",E94,"','",TEXT(F94,"yyyy-mm-dd"),"','",TEXT(G94,"yyyy-mm-dd"),"',",H94,",",I94,",",L94,"),") -> (134,'SC1-GR1','Station de Compression SC1-GR1','1986-01-01','1986-01-01',36891,8,10),
A95: 135 | B95: GR1/GR2/GR4/GR6 | C95: =_xlfn.XLOOKUP(B95,'02-03-07'!B$3:B$24,'02-03-07'!A$3:A$24) -> #NAME? | D95: SC1-GR2 | E95: =CONCATENATE("Station de Compression ",D95) -> Station de Compression SC1-GR2 | F95: 38899 | G95: 39356 | H95: NULL | I95: 1 | J95: Compression Station | K95: 8 | L95: 10 | M95: =CONCATENATE("(",A95,",'",D95,"','",E95,"','",TEXT(F95,"yyyy-mm-dd"),"','",TEXT(G95,"yyyy-mm-dd"),"',",H95,",",I95,",",L95,"),") -> (135,'SC1-GR2','Station de Compression SC1-GR2','2006-07-01','2007-10-01',NULL,1,10),
A96: 136 | B96: GR1/GR2/GR4/GR6 | C96: =_xlfn.XLOOKUP(B96,'02-03-07'!B$3:B$24,'02-03-07'!A$3:A$24) -> #NAME? | D96: SC2-GR2 | E96: =CONCATENATE("Station de Compression ",D96) -> Station de Compression SC2-GR2 | F96: 37898 | G96: 37898 | H96: NULL | I96: 1 | J96: Compression Station | K96: 8 | L96: 10 | M96: =CONCATENATE("(",A96,",'",D96,"','",E96,"','",TEXT(F96,"yyyy-mm-dd"),"','",TEXT(G96,"yyyy-mm-dd"),"',",H96,",",I96,",",L96,"),") -> (136,'SC2-GR2','Station de Compression SC2-GR2','2003-10-04','2003-10-04',NULL,1,10),
A97: 137 | B97: GR1/GR2/GR4/GR6 | C97: =_xlfn.XLOOKUP(B97,'02-03-07'!B$3:B$24,'02-03-07'!A$3:A$24) -> #NAME? | D97: SC3-GR2 | E97: =CONCATENATE("Station de Compression ",D97) -> Station de Compression SC3-GR2 | F97: 38718 | G97: 44562 | H97: NULL | I97: 1 | J97: Compression Station | K97: 8 | L97: 10 | M97: =CONCATENATE("(",A97,",'",D97,"','",E97,"','",TEXT(F97,"yyyy-mm-dd"),"','",TEXT(G97,"yyyy-mm-dd"),"',",H97,",",I97,",",L97,"),") -> (137,'SC3-GR2','Station de Compression SC3-GR2','2006-01-01','2022-01-01',NULL,1,10),
A98: 138 | B98: GR1/GR2/GR4/GR6 | C98: =_xlfn.XLOOKUP(B98,'02-03-07'!B$3:B$24,'02-03-07'!A$3:A$24) -> #NAME? | D98: SC4-GR2 | E98: =CONCATENATE("Station de Compression ",D98) -> Station de Compression SC4-GR2 | F98: 38718 | G98: 44562 | H98: NULL | I98: 1 | J98: Compression Station | K98: 8 | L98: 10 | M98: =CONCATENATE("(",A98,",'",D98,"','",E98,"','",TEXT(F98,"yyyy-mm-dd"),"','",TEXT(G98,"yyyy-mm-dd"),"',",H98,",",I98,",",L98,"),") -> (138,'SC4-GR2','Station de Compression SC4-GR2','2006-01-01','2022-01-01',NULL,1,10),
A99: 139 | B99: GR1/GR2/GR4/GR6 | C99: =_xlfn.XLOOKUP(B99,'02-03-07'!B$3:B$24,'02-03-07'!A$3:A$24) -> #NAME? | D99: SCHR-GR4 | E99: =CONCATENATE("Station de Compression ",D99) -> Station de Compression SCHR-GR4 | F99: 43101 | G99: 43101 | H99: NULL | I99: 1 | J99: Compression Station | K99: 8 | L99: 10 | M99: =CONCATENATE("(",A99,",'",D99,"','",E99,"','",TEXT(F99,"yyyy-mm-dd"),"','",TEXT(G99,"yyyy-mm-dd"),"',",H99,",",I99,",",L99,"),") -> (139,'SCHR-GR4','Station de Compression SCHR-GR4','2018-01-01','2018-01-01',NULL,1,10),
A100: 131 | B100: GR5/GR7 | C100: =_xlfn.XLOOKUP(B100,'02-03-07'!B$3:B$24,'02-03-07'!A$3:A$24) -> #NAME? | D100: SC-HR-GR5 | E100: =CONCATENATE("Station de Compression ",D100) -> Station de Compression SC-HR-GR5 | F100: 42736 | G100: 42736 | H100: NULL | I100: 1 | J100: Compression Station | K100: 8 | L100: 10 | M100: =CONCATENATE("(",A100,",'",D100,"','",E100,"','",TEXT(F100,"yyyy-mm-dd"),"','",TEXT(G100,"yyyy-mm-dd"),"',",H100,",",I100,",",L100,"),") -> (131,'SC-HR-GR5','Station de Compression SC-HR-GR5','2017-01-01','2017-01-01',NULL,1,10),
A101: 132 | B101: GR5/GR7 | C101: =_xlfn.XLOOKUP(B101,'02-03-07'!B$3:B$24,'02-03-07'!A$3:A$24) -> #NAME? | D101: SC1-GR7 | E101: =CONCATENATE("Station de Compression ",D101) -> Station de Compression SC1-GR7 | F101: 41323 | G101: 42026 | H101: NULL | I101: 2 | J101: Compression Station | K101: 8 | L101: 10 | M101: =CONCATENATE("(",A101,",'",D101,"','",E101,"','",TEXT(F101,"yyyy-mm-dd"),"','",TEXT(G101,"yyyy-mm-dd"),"',",H101,",",I101,",",L101,"),") -> (132,'SC1-GR7','Station de Compression SC1-GR7','2013-02-18','2015-01-22',NULL,2,10),

Sheet 02-03-PC
A1: Id | B1: System | C1: SystemId | D1: Code | E1: Name | F1: Installing | G1: Commissioning | H1: Decommissioning | I1: Status | J1: StationType | K1: StTypeId | L1: Owner | M1: Pipeline | R1: SQL Insert Request
A2: F_00 | D2: F_01 | E2: F_02 | F2: F_03 | G2: F_04 | H2: F_05 | I2: F_06 | L2: F_07 | R2: INSERT INTO T_02_03_01 (F_00, F_01, F_02, F_03, F_04, F_05, F_06, F_07) VALUES
A3: 1 | B3: OZ1/OZ2 | C3: 1 | D3: =CONCATENATE("PC-",TEXT(A3,"00"),"-",M3) -> PC-01-OZ1 | E3: =CONCATENATE("Poste de Coupure n°",TEXT(A3,"00")," ",M3) -> Poste de Coupure n°01 OZ1 | F3: 24053 | G3: 24053 | H3: NULL | I3: 1 | J3: Block Valve Station | K3: 15 | M3: OZ1 | N3: 124+800 / 256 | O3: =VALUE(RIGHT(N3,LEN(N3)-SEARCH("/",N3))) -> 256 | P3: =VALUE(SUBSTITUTE(LEFT(N3,SEARCH("/",N3)-1),"+",",")) -> 124.8 | Q3: Ouargla / OUARGLA | R3: =CONCATENATE("(",A3,",'",D3,"','",E3,"','",TEXT(F3,"aaaa-mm-jj"),"','",TEXT(G3,"aaaa-mm-jj"),"',",H3,",",I3,",",L3,"),") -> (1,'PC-01-OZ1','Poste de Coupure n°01 OZ1','Sunday-11-jj','Sunday-11-jj',NULL,1,),
A4: 1 | B4: OZ1/OZ2 | C4: 1 | D4: =CONCATENATE("PC-",TEXT(A4,"00"),"-",M4) -> PC-01-OZ2 | E4: =CONCATENATE("Poste de Coupure n°",TEXT(A4,"00")," ",M4) -> Poste de Coupure n°01 OZ2 | F4: 37851 | G4: 37851 | H4: NULL | I4: 1 | J4: Block Valve Station | K4: 15 | M4: OZ2 | N4: 127+600 / 245 | O4: =VALUE(RIGHT(N4,LEN(N4)-SEARCH("/",N4))) -> 245 | P4: =VALUE(SUBSTITUTE(LEFT(N4,SEARCH("/",N4)-1),"+",",")) -> 127.6 | Q4: Ouargla / OUARGLA | R4: =CONCATENATE("(",A4,",'",D4,"','",E4,"','",TEXT(F4,"aaaa-mm-jj"),"','",TEXT(G4,"aaaa-mm-jj"),"',",H4,",",I4,",",L4,"),") -> (1,'PC-01-OZ2','Poste de Coupure n°01 OZ2','Monday-08-jj','Monday-08-jj',NULL,1,),
A5: 2 | B5: OZ1/OZ2 | C5: 1 | D5: =CONCATENATE("PC-",TEXT(A5,"00"),"-",M5) -> PC-02-OZ1 | E5: =CONCATENATE("Poste de Coupure n°",TEXT(A5,"00")," ",M5) -> Poste de Coupure n°02 OZ1 | F5: 24053 | G5: 24053 | H5: NULL | I5: 1 | J5: Block Valve Station | K5: 15 | M5: OZ1 | N5: 218+075 / 495 | O5: =VALUE(RIGHT(N5,LEN(N5)-SEARCH("/",N5))) -> 495 | P5: =VALUE(SUBSTITUTE(LEFT(N5,SEARCH("/",N5)-1),"+",",")) -> 218.075 | Q5: Al Atteuf / GHARDAIA | R5: =CONCATENATE("(",A5,",'",D5,"','",E5,"','",TEXT(F5,"aaaa-mm-jj"),"','",TEXT(G5,"aaaa-mm-jj"),"',",H5,",",I5,",",L5,"),") -> (2,'PC-02-OZ1','Poste de Coupure n°02 OZ1','Sunday-11-jj','Sunday-11-jj',NULL,1,),
A6: 2 | B6: OZ1/OZ2 | C6: 1 | D6: =CONCATENATE("PC-",TEXT(A6,"00"),"-",M6) -> PC-02-OZ2 | E6: =CONCATENATE("Poste de Coupure n°",TEXT(A6,"00")," ",M6) -> Poste de Coupure n°02 OZ2 | F6: 37851 | G6: 37851 | H6: NULL | I6: 1 | J6: Block Valve Station | K6: 15 | M6: OZ2 | N6: 220+800 / 497 | O6: =VALUE(RIGHT(N6,LEN(N6)-SEARCH("/",N6))) -> 497 | P6: =VALUE(SUBSTITUTE(LEFT(N6,SEARCH("/",N6)-1),"+",",")) -> 220.8 | Q6: Al Atteuf / GHARDAIA | R6: =CONCATENATE("(",A6,",'",D6,"','",E6,"','",TEXT(F6,"aaaa-mm-jj"),"','",TEXT(G6,"aaaa-mm-jj"),"',",H6,",",I6,",",L6,"),") -> (2,'PC-02-OZ2','Poste de Coupure n°02 OZ2','Monday-08-jj','Monday-08-jj',NULL,1,),
A7: 3 | B7: OZ1/OZ2 | C7: 1 | D7: =CONCATENATE("PC-",TEXT(A7,"00"),"-",M7) -> PC-03-OZ1 | E7: =CONCATENATE("Poste de Coupure n°",TEXT(A7,"00")," ",M7) -> Poste de Coupure n°03 OZ1 | F7: 24053 | G7: 24053 | H7: NULL | I7: 1 | J7: Block Valve Station | K7: 15 | M7: OZ1 | N7: 306+000 / 777 | O7: =VALUE(RIGHT(N7,LEN(N7)-SEARCH("/",N7))) -> 777 | P7: =VALUE(SUBSTITUTE(LEFT(N7,SEARCH("/",N7)-1),"+",",")) -> 306 | Q7: Hassi R’Mel / LAGHOUAT | R7: =CONCATENATE("(",A7,",'",D7,"','",E7,"','",TEXT(F7,"aaaa-mm-jj"),"','",TEXT(G7,"aaaa-mm-jj"),"',",H7,",",I7,",",L7,"),") -> (3,'PC-03-OZ1','Poste de Coupure n°03 OZ1','Sunday-11-jj','Sunday-11-jj',NULL,1,),
A8: 3 | B8: OZ1/OZ2 | C8: 1 | D8: =CONCATENATE("PC-",TEXT(A8,"00"),"-",M8) -> PC-03-OZ2 | E8: =CONCATENATE("Poste de Coupure n°",TEXT(A8,"00")," ",M8) -> Poste de Coupure n°03 OZ2 | F8: 37851 | G8: 37851 | H8: NULL | I8: 1 | J8: Block Valve Station | K8: 15 | M8: OZ2 | N8: 307+900 / 778 | O8: =VALUE(RIGHT(N8,LEN(N8)-SEARCH("/",N8))) -> 778 | P8: =VALUE(SUBSTITUTE(LEFT(N8,SEARCH("/",N8)-1),"+",",")) -> 307.9 | Q8: Hassi R’Mel / LAGHOUAT | R8: =CONCATENATE("(",A8,",'",D8,"','",E8,"','",TEXT(F8,"aaaa-mm-jj"),"','",TEXT(G8,"aaaa-mm-jj"),"',",H8,",",I8,",",L8,"),") -> (3,'PC-03-OZ2','Poste de Coupure n°03 OZ2','Monday-08-jj','Monday-08-jj',NULL,1,),
A9: 4 | B9: OZ1/OZ2 | C9: 1 | D9: =CONCATENATE("PC-",TEXT(A9,"00"),"-",M9) -> PC-04-OZ1 | E9: =CONCATENATE("Poste de Coupure n°",TEXT(A9,"00")," ",M9) -> Poste de Coupure n°04 OZ1 | F9: 24053 | G9: 24053 | H9: NULL | I9: 1 | J9: Block Valve Station | K9: 15 | M9: OZ1 | N9: 415+100 / 885 | O9: =VALUE(RIGHT(N9,LEN(N9)-SEARCH("/",N9))) -> 885 | P9: =VALUE(SUBSTITUTE(LEFT(N9,SEARCH("/",N9)-1),"+",",")) -> 415.1 | Q9: Milok / Tadjemout / LAGHOUAT | R9: =CONCATENATE("(",A9,",'",D9,"','",E9,"','",TEXT(F9,"aaaa-mm-jj"),"','",TEXT(G9,"aaaa-mm-jj"),"',",H9,",",I9,",",L9,"),") -> (4,'PC-04-OZ1','Poste de Coupure n°04 OZ1','Sunday-11-jj','Sunday-11-jj',NULL,1,),
A10: 4 | B10: OZ1/OZ2 | C10: 1 | D10: =CONCATENATE("PC-",TEXT(A10,"00"),"-",M10) -> PC-04-OZ2 | E10: =CONCATENATE("Poste de Coupure n°",TEXT(A10,"00")," ",M10) -> Poste de Coupure n°04 OZ2 | F10: 37851 | G10: 37851 | H10: NULL | I10: 1 | J10: Block Valve Station | K10: 15 | M10: OZ2 | N10: 417+200 / 890 | O10: =VALUE(RIGHT(N10,LEN(N10)-SEARCH("/",N10))) -> 890 | P10: =VALUE(SUBSTITUTE(LEFT(N10,SEARCH("/",N10)-1),"+",",")) -> 417.2 | Q10: Milok / Tadjemout / LAGHOUAT | R10: =CONCATENATE("(",A10,",'",D10,"','",E10,"','",TEXT(F10,"aaaa-mm-jj"),"','",TEXT(G10,"aaaa-mm-jj"),"',",H10,",",I10,",",L10,"),") -> (4,'PC-04-OZ2','Poste de Coupure n°04 OZ2','Monday-08-jj','Monday-08-jj',NULL,1,),
A11: 5 | B11: OZ1/OZ2 | C11: 1 | D11: =CONCATENATE("PC-",TEXT(A11,"00"),"-",M11) -> PC-05-OZ1 | E11: =CONCATENATE("Poste de Coupure n°",TEXT(A11,"00")," ",M11) -> Poste de Coupure n°05 OZ1 | F11: 24053 | G11: 24053 | H11: NULL | I11: 1 | J11: Block Valve Station | K11: 15 | M11: OZ1 | N11: 534+900 / 973 | O11: =VALUE(RIGHT(N11,LEN(N11)-SEARCH("/",N11))) -> 973 | P11: =VALUE(SUBSTITUTE(LEFT(N11,SEARCH("/",N11)-1),"+",",")) -> 534.9 | Q11: Djebil / Faidja / TIARET | R11: =CONCATENATE("(",A11,",'",D11,"','",E11,"','",TEXT(F11,"aaaa-mm-jj"),"','",TEXT(G11,"aaaa-mm-jj"),"',",H11,",",I11,",",L11,"),") -> (5,'PC-05-OZ1','Poste de Coupure n°05 OZ1','Sunday-11-jj','Sunday-11-jj',NULL,1,),
A12: 5 | B12: OZ1/OZ2 | C12: 1 | D12: =CONCATENATE("PC-",TEXT(A12,"00"),"-",M12) -> PC-05-OZ2 | E12: =CONCATENATE("Poste de Coupure n°",TEXT(A12,"00")," ",M12) -> Poste de Coupure n°05 OZ2 | F12: 37851 | G12: 37851 | H12: NULL | I12: 1 | J12: Block Valve Station | K12: 15 | M12: OZ2 | N12: 538+200 / 1015 | O12: =VALUE(RIGHT(N12,LEN(N12)-SEARCH("/",N12))) -> 1015 | P12: =VALUE(SUBSTITUTE(LEFT(N12,SEARCH("/",N12)-1),"+",",")) -> 538.2 | Q12: Djebil / Faidja / TIARET | R12: =CONCATENATE("(",A12,",'",D12,"','",E12,"','",TEXT(F12,"aaaa-mm-jj"),"','",TEXT(G12,"aaaa-mm-jj"),"',",H12,",",I12,",",L12,"),") -> (5,'PC-05-OZ2','Poste de Coupure n°05 OZ2','Monday-08-jj','Monday-08-jj',NULL,1,),
A13: 1 | B13: OK1 | C13: 2 | D13: =CONCATENATE("PC-",TEXT(A13,"00"),"-",M13) -> PC-01-OK1 | E13: =CONCATENATE("Poste de Coupure n°",TEXT(A13,"00")," ",M13) -> Poste de Coupure n°01 OK1 | F13: 26299 | G13: 26299 | H13: NULL | I13: 1 | J13: Block Valve Station | K13: 15 | M13: OK1 | N13: 190+560 / 80 | O13: =VALUE(RIGHT(N13,LEN(N13)-SEARCH("/",N13))) -> 80 | P13: =VALUE(SUBSTITUTE(LEFT(N13,SEARCH("/",N13)-1),"+",",")) -> 190.56 | Q13: El M’rara / Djamaa / EL MEGHAÏER | R13: =CONCATENATE("(",A13,",'",D13,"','",E13,"','",TEXT(F13,"aaaa-mm-jj"),"','",TEXT(G13,"aaaa-mm-jj"),"',",H13,",",I13,",",L13,"),") -> (1,'PC-01-OK1','Poste de Coupure n°01 OK1','Saturday-01-jj','Saturday-01-jj',NULL,1,),
A14: 2 | B14: OK1 | C14: 2 | D14: =CONCATENATE("PC-",TEXT(A14,"00"),"-",M14) -> PC-02-OK1 | E14: =CONCATENATE("Poste de Coupure n°",TEXT(A14,"00")," ",M14) -> Poste de Coupure n°02 OK1 | F14: 26299 | G14: 26299 | H14: NULL | I14: 1 | J14: Block Valve Station | K14: 15 | M14: OK1 | N14: 338+643 / 185 | O14: =VALUE(RIGHT(N14,LEN(N14)-SEARCH("/",N14))) -> 185 | P14: =VALUE(SUBSTITUTE(LEFT(N14,SEARCH("/",N14)-1),"+",",")) -> 338.643 | Q14: Selga Bouchegroune / Tolga / BISKRA | R14: =CONCATENATE("(",A14,",'",D14,"','",E14,"','",TEXT(F14,"aaaa-mm-jj"),"','",TEXT(G14,"aaaa-mm-jj"),"',",H14,",",I14,",",L14,"),") -> (2,'PC-02-OK1','Poste de Coupure n°02 OK1','Saturday-01-jj','Saturday-01-jj',NULL,1,),
... A23: 1 | B23: OH3/OH4 | C23: 7 | D23: =CONCATENATE("PC-",TEXT(A23,"00"),"-",M23) -> PC-01-OH4 | E23: =CONCATENATE("Poste de Coupure n°",TEXT(A23,"00")," ",M23) -> Poste de Coupure n°01 OH4 | F23: 38718 | G23: 38718 | H23: NULL | I23: 1 | J23: Block Valve Station | K23: 15 | M23: OH4 | N23: 158 / 182 | O23: =VALUE(RIGHT(N23,LEN(N23)-SEARCH("/",N23))) -> 182 | P23: =VALUE(SUBSTITUTE(LEFT(N23,SEARCH("/",N23)-1),"+",",")) -> 158 | Q23: Nezla / OUARGLA | R23: =CONCATENATE("(",A23,",'",D23,"','",E23,"','",TEXT(F23,"aaaa-mm-jj"),"','",TEXT(G23,"aaaa-mm-jj"),"',",H23,",",I23,",",L23,"),") -> (1,'PC-01-OH4','Poste de Coupure n°01 OH4','Sunday-01-jj','Sunday-01-jj',NULL,1,),
A24: 1 | B24: NZ1 | C24: 8 | D24: =CONCATENATE("PC-",TEXT(A24,"00"),"-",M24) -> PC-01-NZ1 | E24: =CONCATENATE("Poste de Coupure n°",TEXT(A24,"00")," ",M24) -> Poste de Coupure n°01 NZ1 | F24: 28795 | G24: 28795 | H24: NULL | I24: 1 | J24: Block Valve Station | K24: 15 | M24: NZ1 | N24: 109+020 | O24: 880 | P24: =VALUE(SUBSTITUTE(N24,"+",",")) -> 109.02 | Q24: Milok/LAGHOUAT | R24: =CONCATENATE("(",A24,",'",D24,"','",E24,"','",TEXT(F24,"aaaa-mm-jj"),"','",TEXT(G24,"aaaa-mm-jj"),"',",H24,",",I24,",",L24,"),") -> (1,'PC-01-NZ1','Poste de Coupure n°01 NZ1','Wednesday-11-jj','Wednesday-11-jj',NULL,1,),
A25: 2 | B25: NZ1 | C25: 8 | D25: =CONCATENATE("PC-",TEXT(A25,"00"),"-",M25) -> PC-02-NZ1 | E25: =CONCATENATE("Poste de Coupure n°",TEXT(A25,"00")," ",M25) -> Poste de Coupure n°02 NZ1 | F25: 28795 | G25: 28795 | H25: NULL | I25: 1 | J25: Block Valve Station | K25: 15 | M25: NZ1 | N25: 230+060 | O25: 973 | P25: =VALUE(SUBSTITUTE(N25,"+",",")) -> 230.06 | Q25: Medareg/TIARET | R25: =CONCATENATE("(",A25,",'",D25,"','",E25,"','",TEXT(F25,"aaaa-mm-jj"),"','",TEXT(G25,"aaaa-mm-jj"),"',",H25,",",I25,",",L25,"),") -> (2,'PC-02-NZ1','Poste de Coupure n°02 NZ1','Wednesday-11-jj','Wednesday-11-jj',NULL,1,),
A26: 1 | B26: NK1 | C26: 9 | D26: =CONCATENATE("PC-",TEXT(A26,"00"),"-",M26) -> PC-01-NK1 | E26: =CONCATENATE("Poste de Coupure n°",TEXT(A26,"00")," ",M26) -> Poste de Coupure n°01 NK1 | F26: 40029 | G26: 40029 | H26: NULL | I26: 1 | J26: Block Valve Station | K26: 15 | M26: NK1 | N26: 188+332 / 73 | O26: =VALUE(RIGHT(N26,LEN(N26)-SEARCH("/",N26))) -> 73 | P26: =VALUE(SUBSTITUTE(LEFT(N26,SEARCH("/",N26)-1),"+",",")) -> 188.332 | Q26: M’rara / Djamâa / M’GHAIER | R26: =CONCATENATE("(",A26,",'",D26,"','",E26,"','",TEXT(F26,"aaaa-mm-jj"),"','",TEXT(G26,"aaaa-mm-jj"),"',",H26,",",I26,",",L26,"),") -> (1,'PC-01-NK1','Poste de Coupure n°01 NK1','Tuesday-08-jj','Tuesday-08-jj',NULL,1,),
A27: 2 | B27: NK1 | C27: 9 | D27: =CONCATENATE("PC-",TEXT(A27,"00"),"-",M27) -> PC-02-NK1 | E27: =CONCATENATE("Poste de Coupure n°",TEXT(A27,"00")," ",M27) -> Poste de Coupure n°02 NK1 | F27: 40029 | G27: 40029 | H27: NULL | I27: 1 | J27: Block Valve Station | K27: 15 | M27: NK1 | N27: 337+792 / 185 | O27: =VALUE(RIGHT(N27,LEN(N27)-SEARCH("/",N27))) -> 185 | P27: =VALUE(SUBSTITUTE(LEFT(N27,SEARCH("/",N27)-1),"+",",")) -> 337.792 | Q27: Selga : El Outaya / El Outaya / BISKRA | R27: =CONCATENATE("(",A27,",'",D27,"','",E27,"','",TEXT(F27,"aaaa-mm-jj"),"','",TEXT(G27,"aaaa-mm-jj"),"',",H27,",",I27,",",L27,"),") -> (2,'PC-02-NK1','Poste de Coupure n°02 NK1','Tuesday-08-jj','Tuesday-08-jj',NULL,1,),
A28: 3 | B28: NK1 | C28: 9 | D28: =CONCATENATE("PC-",TEXT(A28,"00"),"-",M28) -> PC-03-NK1 | E28: =CONCATENATE("Poste de Coupure n°",TEXT(A28,"00")," ",M28) -> Poste de Coupure n°03 NK1 | F28: 40029 | G28: 40029 | H28: NULL | I28: 1 | J28: Block Valve Station | K28: 15 | M28: NK1 | N28: 430+789 / 620 | O28: =VALUE(RIGHT(N28,LEN(N28)-SEARCH("/",N28))) -> 620 | P28: =VALUE(SUBSTITUTE(LEFT(N28,SEARCH("/",N28)-1),"+",",")) -> 430.789 | Q28: Boumagueur / N’gaous / BATNA | R28: =CONCATENATE("(",A28,",'",D28,"','",E28,"','",TEXT(F28,"aaaa-mm-jj"),"','",TEXT(G28,"aaaa-mm-jj"),"',",H28,",",I28,",",L28,"),") -> (3,'PC-03-NK1','Poste de Coupure n°03 NK1','Tuesday-08-jj','Tuesday-08-jj',NULL,1,),
A29: 1 | B29: NH2 | C29: 10 | D29: =CONCATENATE("PC-",TEXT(A29,"00"),"-",M29) -> PC-01-NH2 | E29: =CONCATENATE("Poste de Coupure n°",TEXT(A29,"00")," ",M29) -> Poste de Coupure n°01 NH2 | F29: 21916 | G29: 21916 | H29: NULL | I29: 1 | J29: Block Valve Station | K29: 15 | M29: NH2 | N29: 47 / 567 | O29: =VALUE(RIGHT(N29,LEN(N29)-SEARCH("/",N29))) -> 567 | P29: =VALUE(SUBSTITUTE(LEFT(N29,SEARCH("/",N29)-1),"+",",")) -> 47 | Q29: Ohanet / ILLIZI | R29: =CONCATENATE("(",A29,",'",D29,"','",E29,"','",TEXT(F29,"aaaa-mm-jj"),"','",TEXT(G29,"aaaa-mm-jj"),"',",H29,",",I29,",",L29,"),") -> (1,'PC-01-NH2','Poste de Coupure n°01 NH2','Friday-01-jj','Friday-01-jj',NULL,1,),
A30: 2 | B30: NH2 | C30: 10 | D30: =CONCATENATE("PC-",TEXT(A30,"00"),"-",M30) -> PC-02-NH2 | E30: =CONCATENATE("Poste de Coupure n°",TEXT(A30,"00")," ",M30) -> Poste de Coupure n°02 NH2 | F30: 21916 | G30: 21916 | H30: NULL | I30: 1 | J30: Block Valve Station | K30: 15 | M30: NH2 | N30: 158 / 302 | O30: =VALUE(RIGHT(N30,LEN(N30)-SEARCH("/",N30))) -> 302 | P30: =VALUE(SUBSTITUTE(LEFT(N30,SEARCH("/",N30)-1),"+",",")) -> 158 | Q30: Mederba / Bordj Omar Driss / ILLIZI | R30: =CONCATENATE("(",A30,",'",D30,"','",E30,"','",TEXT(F30,"aaaa-mm-jj"),"','",TEXT(G30,"aaaa-mm-jj"),"',",H30,",",I30,",",L30,"),") -> (2,'PC-02-NH2','Poste de Coupure n°02 NH2','Friday-01-jj','Friday-01-jj',NULL,1,),
A31: 3 | B31: NH2 | C31: 10 | D31: =CONCATENATE("PC-",TEXT(A31,"00"),"-",M31) -> PC-03-NH2 | E31: =CONCATENATE("Poste de Coupure n°",TEXT(A31,"00")," ",M31) -> Poste de Coupure n°03 NH2 | F31: 21916 | G31: 21916 | H31: NULL | I31: 1 | J31: Block Valve Station | K31: 15 | M31: NH2 | N31: 339+500 / 208 | O31: =VALUE(RIGHT(N31,LEN(N31)-SEARCH("/",N31))) -> 208 | P31: =VALUE(SUBSTITUTE(LEFT(N31,SEARCH("/",N31)-1),"+",",")) -> 339.5 | Q31: Gassi Touil / Hassi Messaoud / OUARGLA | R31: =CONCATENATE("(",A31,",'",D31,"','",E31,"','",TEXT(F31,"aaaa-mm-jj"),"','",TEXT(G31,"aaaa-mm-jj"),"',",H31,",",I31,",",L31,"),") -> (3,'PC-03-NH2','Poste de Coupure n°03 NH2','Friday-01-jj','Friday-01-jj',NULL,1,),
A32: 1 | B32: LZ1/LZ2 | C32: 11 | D32: =CONCATENATE("PC-",TEXT(A32,"00"),"-",M32) -> PC-01-LZ1 | E32: =CONCATENATE("Poste de Coupure n°",TEXT(A32,"00")," ",M32) -> Poste de Coupure n°01 LZ1 | F32: 30720 | G32: 30720 | H32: NULL | I32: 1 | J32: Block Valve Station | K32: 15 | M32: LZ1 | N32: 110+729 / 885 | O32: =VALUE(RIGHT(N32,LEN(N32)-SEARCH("/",N32))) -> 885 | P32: =VALUE(SUBSTITUTE(LEFT(N32,SEARCH("/",N32)-1),"+",",")) -> 110.729 | Q32: Milok / Laghouat / LAGHOUAT | R32: =CONCATENATE("(",A32,",'",D32,"','",E32,"','",TEXT(F32,"aaaa-mm-jj"),"','",TEXT(G32,"aaaa-mm-jj"),"',",H32,",",I32,",",L32,"),") -> (1,'PC-01-LZ1','Poste de Coupure n°01 LZ1','Wednesday-02-jj','Wednesday-02-jj',NULL,1,),
A33: 1 | B33: LZ1/LZ2 | C33: 11 | D33: =CONCATENATE("PC-",TEXT(A33,"00"),"-",M33) -> PC-01-LZ2 | E33: =CONCATENATE("Poste de Coupure n°",TEXT(A33,"00")," ",M33) -> Poste de Coupure n°01 LZ2 | F33: 39814 | G33: 40179 | H33: NULL | I33: 1 | J33: Block Valve Station | K33: 15 | M33: LZ2 | N33: 110+627 / 885 | O33: =VALUE(RIGHT(N33,LEN(N33)-SEARCH("/",N33))) -> 885 | P33: =VALUE(SUBSTITUTE(LEFT(N33,SEARCH("/",N33)-1),"+",",")) -> 110.627 | Q33: Tadjmout / LAGHOUAT | R33: =CONCATENATE("(",A33,",'",D33,"','",E33,"','",TEXT(F33,"aaaa-mm-jj"),"','",TEXT(G33,"aaaa-mm-jj"),"',",H33,",",I33,",",L33,"),") -> (1,'PC-01-LZ2','Poste de Coupure n°01 LZ2','Thursday-01-jj','Friday-01-jj',NULL,1,),
A34: 2 | B34: LZ1/LZ2 | C34: 11 | D34: =CONCATENATE("PC-",TEXT(A34,"00"),"-",M34) -> PC-02-LZ1 | E34: =CONCATENATE("Poste de Coupure n°",TEXT(A34,"00")," ",M34) -> Poste de Coupure n°02 LZ1 | F34: 30720 | G34: 30720 | H34: NULL | I34: 1 | J34: Block Valve Station | K34: 15 | M34: LZ1 | N34: 307+020 / 1080 | O34: =VALUE(RIGHT(N34,LEN(N34)-SEARCH("/",N34))) -> 1080 | P34: =VALUE(SUBSTITUTE(LEFT(N34,SEARCH("/",N34)-1),"+",",")) -> 307.02 | Q34: Sougueur / TIARET | R34: =CONCATENATE("(",A34,",'",D34,"','",E34,"','",TEXT(F34,"aaaa-mm-jj"),"','",TEXT(G34,"aaaa-mm-jj"),"',",H34,",",I34,",",L34,"),") -> (2,'PC-02-LZ1','Poste de Coupure n°02 LZ1','Wednesday-02-jj','Wednesday-02-jj',NULL,1,),
A35: 2 | B35: LZ1/LZ2 | C35: 11 | D35: =CONCATENATE("PC-",TEXT(A35,"00"),"-",M35) -> PC-02-LZ2 | E35: =CONCATENATE("Poste de Coupure n°",TEXT(A35,"00")," ",M35) -> Poste de Coupure n°02 LZ2 | F35: 39814 | G35: 40179 | H35: NULL | I35: 1 | J35: Block Valve Station | K35: 15 | M35: LZ2 | N35: 307+020 / 1080 | O35: =VALUE(RIGHT(N35,LEN(N35)-SEARCH("/",N35))) -> 1080 | P35: =VALUE(SUBSTITUTE(LEFT(N35,SEARCH("/",N35)-1),"+",",")) -> 307.02 | Q35: Sougueur / TIARET | R35: =CONCATENATE("(",A35,",'",D35,"','",E35,"','",TEXT(F35,"aaaa-mm-jj"),"','",TEXT(G35,"aaaa-mm-jj"),"',",H35,",",I35,",",L35,"),") -> (2,'PC-02-LZ2','Poste de Coupure n°02 LZ2','Thursday-01-jj','Friday-01-jj',NULL,1,),
A36: 1 | B36: LR1/DLR1/ELR1 | C36: 12 | D36: =CONCATENATE("PC-",TEXT(A36,"00"),"-",M36) -> PC-01-LR1 | E36: =CONCATENATE("Poste de Coupure n°",TEXT(A36,"00")," ",M36) -> Poste de Coupure n°01 LR1 | F36: 35065 | G36: 35065 | H36: NULL | I36: 1 | J36: Block Valve Station | K36: 15 | M36: LR1 | N36: 100+850 / 555 | O36: =VALUE(RIGHT(N36,LEN(N36)-SEARCH("/",N36))) -> 555 | P36: =VALUE(SUBSTITUTE(LEFT(N36,SEARCH("/",N36)-1),"+",",")) -> 100.85 | Q36: Bordj Omar Idriss / ILLIZI | R36: =CONCATENATE("(",A36,",'",D36,"','",E36,"','",TEXT(F36,"aaaa-mm-jj"),"','",TEXT(G36,"aaaa-mm-jj"),"',",H36,",",I36,",",L36,"),") -> (1,'PC-01-LR1','Poste de Coupure n°01 LR1','Monday-01-jj','Monday-01-jj',NULL,1,),
A37: 1 | B37: LR1/DLR1/ELR1 | C37: 12 | D37: =CONCATENATE("PC-",TEXT(A37,"00"),"-",M37) -> PC-01-DLR1 | E37: =CONCATENATE("Poste de Coupure n°",TEXT(A37,"00")," ",M37) -> Poste de Coupure n°01 DLR1 | F37: 38182 | G37: 38182 | H37: NULL | I37: 1 | J37: Block Valve Station | K37: 15 | M37: DLR1 | N37: 133 / 469 | O37: =VALUE(RIGHT(N37,LEN(N37)-SEARCH("/",N37))) -> 469 | P37: =VALUE(SUBSTITUTE(LEFT(N37,SEARCH("/",N37)-1),"+",",")) -> 133 | Q37: Bordj Omar Idriss / ILLIZI | R37: =CONCATENATE("(",A37,",'",D37,"','",E37,"','",TEXT(F37,"aaaa-mm-jj"),"','",TEXT(G37,"aaaa-mm-jj"),"',",H37,",",I37,",",L37,"),") -> (1,'PC-01-DLR1','Poste de Coupure n°01 DLR1','Wednesday-07-jj','Wednesday-07-jj',NULL,1,),
... A100: 1 | B100: GR1/GR2/GR4/GR6 | C100: 21 | D100: =CONCATENATE("PC-",TEXT(A100,"00"),"-",M100) -> PC-01-GR4 | E100: =CONCATENATE("Poste de Coupure n°",TEXT(A100,"00")," ",M100) -> Poste de Coupure n°01 GR4 | F100: 41640 | G100: 41640 | H100: NULL | I100: 1 | J100: Block Valve Station | K100: 15 | M100: GR4 | N100: 73+000 / 208 | O100: =VALUE(RIGHT(N100,LEN(N100)-SEARCH("/",N100))) -> 208 | P100: =VALUE(SUBSTITUTE(LEFT(N100,SEARCH("/",N100)-1),"+",",")) -> 73 | Q100: Gassi Touil/Hassi Messaoud / OUARGLA | R100: =CONCATENATE("(",A100,",'",D100,"','",E100,"','",TEXT(F100,"aaaa-mm-jj"),"','",TEXT(G100,"aaaa-mm-jj"),"',",H100,",",I100,",",L100,"),") -> (1,'PC-01-GR4','Poste de Coupure n°01 GR4','Wednesday-01-jj','Wednesday-01-jj',NULL,1,),
A101: 1 | B101: GR1/GR2/GR4/GR6 | C101: 21 | D101: =CONCATENATE("PC-",TEXT(A101,"00"),"-",M101) -> PC-01-GR6 | E101: =CONCATENATE("Poste de Coupure n°",TEXT(A101,"00")," ",M101) -> Poste de Coupure n°01 GR6 | F101: 42736 | G101: 42736 | H101: NULL | I101: 1 | J101: Block Valve Station | K101: 15 | M101: GR6 | N101: 71+303 | O101: 0 | P101: =VALUE(SUBSTITUTE(N101,"+",",")) -> 71.303 | Q101: Gassi Touil/Hassi Messaoud / OUARGLA | R101: =CONCATENATE("(",A101,",'",D101,"','",E101,"','",TEXT(F101,"aaaa-mm-jj"),"','",TEXT(G101,"aaaa-mm-jj"),"',",H101,",",I101,",",L101,"),") -> (1,'PC-01-GR6','Poste de Coupure n°01 GR6','Sunday-01-jj','Sunday-01-jj',NULL,1,),
A102: 2 | B102: GR1/GR2/GR4/GR6 | C102: 21 | D102: =CONCATENATE("PC-",TEXT(A102,"00"),"-",M102) -> PC-02-GR1 | E102: =CONCATENATE("Poste de Coupure n°",TEXT(A102,"00")," ",M102) -> Poste de Coupure n°02 GR1 | F102: 35065 | G102: 35065 | H102: NULL | I102: 1 | J102: Block Valve Station | K102: 15 | M102: GR1 | N102: 232+380 / 470 | O102: =VALUE(RIGHT(N102,LEN(N102)-SEARCH("/",N102))) -> 470 | P102: =VALUE(SUBSTITUTE(LEFT(N102,SEARCH("/",N102)-1),"+",",")) -> 232.38 | Q102: TFT/Bordj Omar Idriss / ILLIZI | R102: =CONCATENATE("(",A102,",'",D102,"','",E102,"','",TEXT(F102,"aaaa-mm-jj"),"','",TEXT(G102,"aaaa-mm-jj"),"',",H102,",",I102,",",L102,"),") -> (2,'PC-02-GR1','Poste de Coupure n°02 GR1','Monday-01-jj','Monday-01-jj',NULL,1,),
A103: 2 | B103: GR1/GR2/GR4/GR6 | C103: 21 | D103: =CONCATENATE("PC-",TEXT(A103,"00"),"-",M103) -> PC-02-GR2 | E103: =CONCATENATE("Poste de Coupure n°",TEXT(A103,"00")," ",M103) -> Poste de Coupure n°02 GR2 | F103: 36161 | G103: 36161 | H103: NULL | I103: 1 | J103: Block Valve Station | K103: 15 | M103: GR2 | N103: 232+380 / 470 | O103: =VALUE(RIGHT(N103,LEN(N103)-SEARCH("/",N103))) -> 470 | P103: =VALUE(SUBSTITUTE(LEFT(N103,SEARCH("/",N103)-1),"+",",")) -> 232.38 | Q103: TFT/Bordj Omar Idriss / ILLIZI | R103: =CONCATENATE("(",A103,",'",D103,"','",E103,"','",TEXT(F103,"aaaa-mm-jj"),"','",TEXT(G103,"aaaa-mm-jj"),"',",H103,",",I103,",",L103,"),") -> (2,'PC-02-GR2','Poste de Coupure n°02 GR2','Friday-01-jj','Friday-01-jj',NULL,1,),
A104: 2 | B104: GR1/GR2/GR4/GR6 | C104: 21 | D104: =CONCATENATE("PC-",TEXT(A104,"00"),"-",M104) -> PC-02-GR4 | E104: =CONCATENATE("Poste de Coupure n°",TEXT(A104,"00")," ",M104) -> Poste de Coupure n°02 GR4 | F104: 41640 | G104: 41640 | H104: NULL | I104: 1 | J104: Block Valve Station | K104: 15 | M104: GR4 | N104: 154+650 / 166 | O104: =VALUE(RIGHT(N104,LEN(N104)-SEARCH("/",N104))) -> 166 | P104: =VALUE(SUBSTITUTE(LEFT(N104,SEARCH("/",N104)-1),"+",",")) -> 154.65 | Q104: Zina/Hassi Messaoud / OUARGLA | R104: =CONCATENATE("(",A104,",'",D104,"','",E104,"','",TEXT(F104,"aaaa-mm-jj"),"','",TEXT(G104,"aaaa-mm-jj"),"',",H104,",",I104,",",L104,"),") -> (2,'PC-02-GR4','Poste de Coupure n°02 GR4','Wednesday-01-jj','Wednesday-01-jj',NULL,1,),
A105: 2 | B105: GR1/GR2/GR4/GR6 | C105: 21 | D105: =CONCATENATE("PC-",TEXT(A105,"00"),"-",M105) -> PC-02-GR6 | E105: =CONCATENATE("Poste de Coupure n°",TEXT(A105,"00")," ",M105) -> Poste de Coupure n°02 GR6 | F105: 42736 | G105: 42736 | H105: NULL | I105: 1 | J105: Block Valve Station | K105: 15 | M105: GR6 | N105: 153+892 | O105: 0 | P105: =VALUE(SUBSTITUTE(N105,"+",",")) -> 153.892 | Q105: Zina/Hassi Messaoud / OUARGLA | R105: =CONCATENATE("(",A105,",'",D105,"','",E105,"','",TEXT(F105,"aaaa-mm-jj"),"','",TEXT(G105,"aaaa-mm-jj"),"',",H105,",",I105,",",L105,"),") -> (2,'PC-02-GR6','Poste de Coupure n°02 GR6','Sunday-01-jj','Sunday-01-jj',NULL,1,),
A106: 3 | B106: GR1/GR2/GR4/GR6 | C106: 21 | D106: =CONCATENATE("PC-",TEXT(A106,"00"),"-",M106) -> PC-03-GR1 | E106: =CONCATENATE("Poste de Coupure n°",TEXT(A106,"00")," ",M106) -> Poste de Coupure n°03 GR1 | F106: 35065 | G106: 35065 | H106: NULL | I106: 1 | J106: Block Valve Station | K106: 15 | M106: GR1 | N106: 298+375 / 348 | O106: =VALUE(RIGHT(N106,LEN(N106)-SEARCH("/",N106))) -> 348 | P106: =VALUE(SUBSTITUTE(LEFT(N106,SEARCH("/",N106)-1),"+",",")) -> 298.375 | Q106: Leima/Bordj Omar Idriss / ILLIZI | R106: =CONCATENATE("(",A106,",'",D106,"','",E106,"','",TEXT(F106,"aaaa-mm-jj"),"','",TEXT(G106,"aaaa-mm-jj"),"',",H106,",",I106,",",L106,"),") -> (3,'PC-03-GR1','Poste de Coupure n°03 GR1','Monday-01-jj','Monday-01-jj',NULL,1,),
A107: 3 | B107: GR1/GR2/GR4/GR6 | C107: 21 | D107: =CONCATENATE("PC-",TEXT(A107,"00"),"-",M107) -> PC-03-GR2 | E107: =CONCATENATE("Poste de Coupure n°",TEXT(A107,"00")," ",M107) -> Poste de Coupure n°03 GR2 | F107: 36161 | G107: 36161 | H107: NULL | I107: 1 | J107: Block Valve Station | K107: 15 | M107: GR2 | N107: 298+375 / 348 | O107: =VALUE(RIGHT(N107,LEN(N107)-SEARCH("/",N107))) -> 348 | P107: =VALUE(SUBSTITUTE(LEFT(N107,SEARCH("/",N107)-1),"+",",")) -> 298.375 | Q107: Leima/Bordj Omar Idriss / ILLIZI | R107: =CONCATENATE("(",A107,",'",D107,"','",E107,"','",TEXT(F107,"aaaa-mm-jj"),"','",TEXT(G107,"aaaa-mm-jj"),"',",H107,",",I107,",",L107,"),") -> (3,'PC-03-GR2','Poste de Coupure n°03 GR2','Friday-01-jj','Friday-01-jj',NULL,1,),
A108: 3 | B108: GR1/GR2/GR4/GR6 | C108: 21 | D108: =CONCATENATE("PC-",TEXT(A108,"00"),"-",M108) -> PC-03-GR4 | E108: =CONCATENATE("Poste de Coupure n°",TEXT(A108,"00")," ",M108) -> Poste de Coupure n°03 GR4 | F108: 41640 | G108: 41640 | H108: NULL | I108: 1 | J108: Block Valve Station | K108: 15 | M108: GR4 | N108: 222+926 / 169 | O108: =VALUE(RIGHT(N108,LEN(N108)-SEARCH("/",N108))) -> 169 | P108: =VALUE(SUBSTITUTE(LEFT(N108,SEARCH("/",N108)-1),"+",",")) -> 222.926 | Q108: Hassi Messaoud/OUARGLA | R108: =CONCATENATE("(",A108,",'",D108,"','",E108,"','",TEXT(F108,"aaaa-mm-jj"),"','",TEXT(G108,"aaaa-mm-jj"),"',",H108,",",I108,",",L108,"),") -> (3,'PC-03-GR4','Poste de Coupure n°03 GR4','Wednesday-01-jj','Wednesday-01-jj',NULL,1,),
A109: 3 | B109: GR1/GR2/GR4/GR6 | C109: 21 | D109: =CONCATENATE("PC-",TEXT(A109,"00"),"-",M109) -> PC-03-GR6 | E109: =CONCATENATE("Poste de Coupure n°",TEXT(A109,"00")," ",M109) -> Poste de Coupure n°03 GR6 | F109: 42736 | G109: 42736 | H109: NULL | I109: 1 | J109: Block Valve Station | K109: 15 | M109: GR6 | N109: 221+606 | O109: 0 | P109: =VALUE(SUBSTITUTE(N109,"+",",")) -> 221.606 | Q109: Hassi Messaoud/OUARGLA | R109: =CONCATENATE("(",A109,",'",D109,"','",E109,"','",TEXT(F109,"aaaa-mm-jj"),"','",TEXT(G109,"aaaa-mm-jj"),"',",H109,",",I109,",",L109,"),") -> (3,'PC-03-GR6','Poste de Coupure n°03 GR6','Sunday-01-jj','Sunday-01-jj',NULL,1,),
A110: 4 | B110: GR1/GR2/GR4/GR6 | C110: 21 | D110: =CONCATENATE("PC-",TEXT(A110,"00"),"-",M110) -> PC-04-GR1 | E110: =CONCATENATE("Poste de Coupure n°",TEXT(A110,"00")," ",M110) -> Poste de Coupure n°04 GR1 | F110: 35065 | G110: 35065 | H110: NULL | I110: 1 | J110: Block Valve Station | K110: 15 | M110: GR1 | N110: 432+720 / 252 | O110: =VALUE(RIGHT(N110,LEN(N110)-SEARCH("/",N110))) -> 252 | P110: =VALUE(SUBSTITUTE(LEFT(N110,SEARCH("/",N110)-1),"+",",")) -> 432.72 | Q110: Rhourde Nouss/Bordj Omar Idriss / ILLIZI | R110: =CONCATENATE("(",A110,",'",D110,"','",E110,"','",TEXT(F110,"aaaa-mm-jj"),"','",TEXT(G110,"aaaa-mm-jj"),"',",H110,",",I110,",",L110,"),") -> (4,'PC-04-GR1','Poste de Coupure n°04 GR1','Monday-01-jj','Monday-01-jj',NULL,1,),
A111: 4 | B111: GR1/GR2/GR4/GR6 | C111: 21 | D111: =CONCATENATE("PC-",TEXT(A111,"00"),"-",M111) -> PC-04-GR2 | E111: =CONCATENATE("Poste de Coupure n°",TEXT(A111,"00")," ",M111) -> Poste de Coupure n°04 GR2 | F111: 36161 | G111: 36161 | H111: NULL | I111: 1 | J111: Block Valve Station | K111: 15 | M111: GR2 | N111: 432+720 / 252 | O111: =VALUE(RIGHT(N111,LEN(N111)-SEARCH("/",N111))) -> 252 | P111: =VALUE(SUBSTITUTE(LEFT(N111,SEARCH("/",N111)-1),"+",",")) -> 432.72 | Q111: Rhourde Nouss/Bordj Omar Idriss / ILLIZI | R111: =CONCATENATE("(",A111,",'",D111,"','",E111,"','",TEXT(F111,"aaaa-mm-jj"),"','",TEXT(G111,"aaaa-mm-jj"),"',",H111,",",I111,",",L111,"),") -> (4,'PC-04-GR2','Poste de Coupure n°04 GR2','Friday-01-jj','Friday-01-jj',NULL,1,),
A112: 4 | B112: GR1/GR2/GR4/GR6 | C112: 21 | D112: =CONCATENATE("PC-",TEXT(A112,"00"),"-",M112) -> PC-04-GR4 | E112: =CONCATENATE("Poste de Coupure n°",TEXT(A112,"00")," ",M112) -> Poste de Coupure n°04 GR4 | F112: 41640 | G112: 41640 | H112: NULL | I112: 1 | J112: Block Valve Station | K112: 15 | M112: GR4 | N112: 336+627 / 226 | O112: =VALUE(RIGHT(N112,LEN(N112)-SEARCH("/",N112))) -> 226 | P112: =VALUE(SUBSTITUTE(LEFT(N112,SEARCH("/",N112)-1),"+",",")) -> 336.627 | Q112: Ouargla/ OUARGLA | R112: =CONCATENATE("(",A112,",'",D112,"','",E112,"','",TEXT(F112,"aaaa-mm-jj"),"','",TEXT(G112,"aaaa-mm-jj"),"',",H112,",",I112,",",L112,"),") -> (4,'PC-04-GR4','Poste de Coupure n°04 GR4','Wednesday-01-jj','Wednesday-01-jj',NULL,1,),
A113: 4 | B113: GR1/GR2/GR4/GR6 | C113: 21 | D113: =CONCATENATE("PC-",TEXT(A113,"00"),"-",M113) -> PC-04-GR6 | E113: =CONCATENATE("Poste de Coupure n°",TEXT(A113,"00")," ",M113) -> Poste de Coupure n°04 GR6 | F113: 42736 | G113: 42736 | H113: NULL | I113: 1 | J113: Block Valve Station | K113: 15 | M113: GR6 | N113: 332+800 | O113: 0 | P113: =VALUE(SUBSTITUTE(N113,"+",",")) -> 332.8 | Q113: Ouargla/ OUARGLA | R113: =CONCATENATE("(",A113,",'",D113,"','",E113,"','",TEXT(F113,"aaaa-mm-jj"),"','",TEXT(G113,"aaaa-mm-jj"),"',",H113,",",I113,",",L113,"),") -> (4,'PC-04-GR6','Poste de Coupure n°04 GR6','Sunday-01-jj','Sunday-01-jj',NULL,1,),
A114: 5 | B114: GR1/GR2/GR4/GR6 | C114: 21 | D114: =CONCATENATE("PC-",TEXT(A114,"00"),"-",M114) -> PC-05-GR1 | E114: =CONCATENATE("Poste de Coupure n°",TEXT(A114,"00")," ",M114) -> Poste de Coupure n°05 GR1 | F114: 35065 | G114: 35065 | H114: NULL | I114: 1 | J114: Block Valve Station | K114: 15 | M114: GR1 | N114: 505+540 / 208 | O114: =VALUE(RIGHT(N114,LEN(N114)-SEARCH("/",N114))) -> 208 | P114: =VALUE(SUBSTITUTE(LEFT(N114,SEARCH("/",N114)-1),"+",",")) -> 505.54 | Q114: Gassi Touil/Hassi Messaoud / OUARGLA | R114: =CONCATENATE("(",A114,",'",D114,"','",E114,"','",TEXT(F114,"aaaa-mm-jj"),"','",TEXT(G114,"aaaa-mm-jj"),"',",H114,",",I114,",",L114,"),") -> (5,'PC-05-GR1','Poste de Coupure n°05 GR1','Monday-01-jj','Monday-01-jj',NULL,1,),
A115: 5 | B115: GR1/GR2/GR4/GR6 | C115: 21 | D115: =CONCATENATE("PC-",TEXT(A115,"00"),"-",M115) -> PC-05-GR2 | E115: =CONCATENATE("Poste de Coupure n°",TEXT(A115,"00")," ",M115) -> Poste de Coupure n°05 GR2 | F115: 36161 | G115: 36161 | H115: NULL | I115: 1 | J115: Block Valve Station | K115: 15 | M115: GR2 | N115: 505+540 / 208 | O115: =VALUE(RIGHT(N115,LEN(N115)-SEARCH("/",N115))) -> 208 | P115: =VALUE(SUBSTITUTE(LEFT(N115,SEARCH("/",N115)-1),"+",",")) -> 505.54 | Q115: Gassi Touil/Hassi Messaoud / OUARGLA | R115: =CONCATENATE("(",A115,",'",D115,"','",E115,"','",TEXT(F115,"aaaa-mm-jj"),"','",TEXT(G115,"aaaa-mm-jj"),"',",H115,",",I115,",",L115,"),") -> (5,'PC-05-GR2','Poste de Coupure n°05 GR2','Friday-01-jj','Friday-01-jj',NULL,1,),
A116: 5 | B116: GR1/GR2/GR4/GR6 | C116: 21 | D116: =CONCATENATE("PC-",TEXT(A116,"00"),"-",M116) -> PC-05-GR4 | E116: =CONCATENATE("Poste de Coupure n°",TEXT(A116,"00")," ",M116) -> Poste de Coupure n°05 GR4 | F116: 41640 | G116: 41640 | H116: NULL | I116: 1 | J116: Block Valve Station | K116: 15 | M116: GR4 | N116: 437+654 / 400 | O116: =VALUE(RIGHT(N116,LEN(N116)-SEARCH("/",N116))) -> 400 | P116: =VALUE(SUBSTITUTE(LEFT(N116,SEARCH("/",N116)-1),"+",",")) -> 437.654 | Q116: Zelfana / GHARDAIA | R116: =CONCATENATE("(",A116,",'",D116,"','",E116,"','",TEXT(F116,"aaaa-mm-jj"),"','",TEXT(G116,"aaaa-mm-jj"),"',",H116,",",I116,",",L116,"),") -> (5,'PC-05-GR4','Poste de Coupure n°05 GR4','Wednesday-01-jj','Wednesday-01-jj',NULL,1,),
A117: 5 | B117: GR1/GR2/GR4/GR6 | C117: 21 | D117: =CONCATENATE("PC-",TEXT(A117,"00"),"-",M117) -> PC-05-GR6 | E117: =CONCATENATE("Poste de Coupure n°",TEXT(A117,"00")," ",M117) -> Poste de Coupure n°05 GR6 | F117: 42736 | G117: 42736 | H117: NULL | I117: 1 | J117: Block Valve Station | K117: 15 | M117: GR6 | N117: 433+755 | O117: 0 | P117: =VALUE(SUBSTITUTE(N117,"+",",")) -> 433.755 | Q117: Zelfana / GHARDAIA | R117: =CONCATENATE("(",A117,",'",D117,"','",E117,"','",TEXT(F117,"aaaa-mm-jj"),"','",TEXT(G117,"aaaa-mm-jj"),"',",H117,",",I117,",",L117,"),") -> (5,'PC-05-GR6','Poste de Coupure n°05 GR6','Sunday-01-jj','Sunday-01-jj',NULL,1,),
A118: 6 | B118: GR1/GR2/GR4/GR6 | C118: 21 | D118: =CONCATENATE("PC-",TEXT(A118,"00"),"-",M118) -> PC-06-GR1 | E118: =CONCATENATE("Poste de Coupure n°",TEXT(A118,"00")," ",M118) -> Poste de Coupure n°06 GR1 | F118: 35065 | G118: 35065 | H118: NULL | I118: 1 | J118: Block Valve Station | K118: 15 | M118: GR1 | N118: 588+350 / 166 | O118: =VALUE(RIGHT(N118,LEN(N118)-SEARCH("/",N118))) -> 166 | P118: =VALUE(SUBSTITUTE(LEFT(N118,SEARCH("/",N118)-1),"+",",")) -> 588.35 | Q118: Zina/Hassi Messaoud / OUARGLA | R118: =CONCATENATE("(",A118,",'",D118,"','",E118,"','",TEXT(F118,"aaaa-mm-jj"),"','",TEXT(G118,"aaaa-mm-jj"),"',",H118,",",I118,",",L118,"),") -> (6,'PC-06-GR1','Poste de Coupure n°06 GR1','Monday-01-jj','Monday-01-jj',NULL,1,),
A119: 6 | B119: GR1/GR2/GR4/GR6 | C119: 21 | D119: =CONCATENATE("PC-",TEXT(A119,"00"),"-",M119) -> PC-06-GR2 | E119: =CONCATENATE("Poste de Coupure n°",TEXT(A119,"00")," ",M119) -> Poste de Coupure n°06 GR2 | F119: 36161 | G119: 36161 | H119: NULL | I119: 1 | J119: Block Valve Station | K119: 15 | M119: GR2 | N119: 588+350 / 166 | O119: =VALUE(RIGHT(N119,LEN(N119)-SEARCH("/",N119))) -> 166 | P119: =VALUE(SUBSTITUTE(LEFT(N119,SEARCH("/",N119)-1),"+",",")) -> 588.35 | Q119: Zina/Hassi Messaoud / OUARGLA | R119: =CONCATENATE("(",A119,",'",D119,"','",E119,"','",TEXT(F119,"aaaa-mm-jj"),"','",TEXT(G119,"aaaa-mm-jj"),"',",H119,",",I119,",",L119,"),") -> (6,'PC-06-GR2','Poste de Coupure n°06 GR2','Friday-01-jj','Friday-01-jj',NULL,1,),
A120: 6 | B120: GR1/GR2/GR4/GR6 | C120: 21 | D120: =CONCATENATE("PC-",TEXT(A120,"00"),"-",M120) -> PC-06-GR4 | E120: =CONCATENATE("Poste de Coupure n°",TEXT(A120,"00")," ",M120) -> Poste de Coupure n°06 GR4 | F120: 41640 | G120: 41640 | H120: NULL | I120: 1 | J120: Block Valve Station | K120: 15 | M120: GR4 | N120: 530+500 / 779 | O120: =VALUE(RIGHT(N120,LEN(N120)-SEARCH("/",N120))) -> 779 | P120: =VALUE(SUBSTITUTE(LEFT(N120,SEARCH("/",N120)-1),"+",",")) -> 530.5 | Q120: Hassi R’mel / GHARDAIA | R120: =CONCATENATE("(",A120,",'",D120,"','",E120,"','",TEXT(F120,"aaaa-mm-jj"),"','",TEXT(G120,"aaaa-mm-jj"),"',",H120,",",I120,",",L120,"),") -> (6,'PC-06-GR4','Poste de Coupure n°06 GR4','Wednesday-01-jj','Wednesday-01-jj',NULL,1,),
A121: 6 | B121: GR1/GR2/GR4/GR6 | C121: 21 | D121: =CONCATENATE("PC-",TEXT(A121,"00"),"-",M121) -> PC-06-GR6 | E121: =CONCATENATE("Poste de Coupure n°",TEXT(A121,"00")," ",M121) -> Poste de Coupure n°06 GR6 | F121: 42736 | G121: 42736 | H121: NULL | I121: 1 | J121: Block Valve Station | K121: 15 | M121: GR6 | N121: 522+980 | O121: 0 | P121: =VALUE(SUBSTITUTE(N121,"+",",")) -> 522.98 | Q121: Hassi R’mel / GHARDAIA | R121: =CONCATENATE("(",A121,",'",D121,"','",E121,"','",TEXT(F121,"aaaa-mm-jj"),"','",TEXT(G121,"aaaa-mm-jj"),"',",H121,",",I121,",",L121,"),") -> (6,'PC-06-GR6','Poste de Coupure n°06 GR6','Sunday-01-jj','Sunday-01-jj',NULL,1,),
A122: 7 | B122: GR1/GR2/GR4/GR6 | C122: 21 | D122: =CONCATENATE("PC-",TEXT(A122,"00"),"-",M122) -> PC-07-GR1 | E122: =CONCATENATE("Poste de Coupure n°",TEXT(A122,"00")," ",M122) -> Poste de Coupure n°07 GR1 | F122: 35065 | G122: 35065 | H122: NULL | I122: 1 | J122: Block Valve Station | K122: 15 | M122: GR1 | N122: 655+660 / 169 | O122: =VALUE(RIGHT(N122,LEN(N122)-SEARCH("/",N122))) -> 169 | P122: =VALUE(SUBSTITUTE(LEFT(N122,SEARCH("/",N122)-1),"+",",")) -> 655.66 | Q122: Hassi Messaoud/OUARGLA | R122: =CONCATENATE("(",A122,",'",D122,"','",E122,"','",TEXT(F122,"aaaa-mm-jj"),"','",TEXT(G122,"aaaa-mm-jj"),"',",H122,",",I122,",",L122,"),") -> (7,'PC-07-GR1','Poste de Coupure n°07 GR1','Monday-01-jj','Monday-01-jj',NULL,1,),
A123: 7 | B123: GR1/GR2/GR4/GR6 | C123: 21 | D123: =CONCATENATE("PC-",TEXT(A123,"00"),"-",M123) -> PC-07-GR2 | E123: =CONCATENATE("Poste de Coupure n°",TEXT(A123,"00")," ",M123) -> Poste de Coupure n°07 GR2 | F123: 36161 | G123: 36161 | H123: NULL | I123: 1 | J123: Block Valve Station | K123: 15 | M123: GR2 | N123: 655+660 / 169 | O123: =VALUE(RIGHT(N123,LEN(N123)-SEARCH("/",N123))) -> 169 | P123: =VALUE(SUBSTITUTE(LEFT(N123,SEARCH("/",N123)-1),"+",",")) -> 655.66 | Q123: Hassi Messaoud/OUARGLA | R123: =CONCATENATE("(",A123,",'",D123,"','",E123,"','",TEXT(F123,"aaaa-mm-jj"),"','",TEXT(G123,"aaaa-mm-jj"),"',",H123,",",I123,",",L123,"),") -> (7,'PC-07-GR2','Poste de Coupure n°07 GR2','Friday-01-jj','Friday-01-jj',NULL,1,),
A124: 8 | B124: GR1/GR2/GR4/GR6 | C124: 21 | D124: =CONCATENATE("PC-",TEXT(A124,"00"),"-",M124) -> PC-08-GR1 | E124: =CONCATENATE("Poste de Coupure n°",TEXT(A124,"00")," ",M124) -> Poste de Coupure n°08 GR1 | F124: 35065 | G124: 35065 | H124: NULL | I124: 1 | J124: Block Valve Station | K124: 15 | M124: GR1 | N124: 766+611 / 226 | O124: =VALUE(RIGHT(N124,LEN(N124)-SEARCH("/",N124))) -> 226 | P124: =VALUE(SUBSTITUTE(LEFT(N124,SEARCH("/",N124)-1),"+",",")) -> 766.611 | Q124: Ouargla/ OUARGLA | R124: =CONCATENATE("(",A124,",'",D124,"','",E124,"','",TEXT(F124,"aaaa-mm-jj"),"','",TEXT(G124,"aaaa-mm-jj"),"',",H124,",",I124,",",L124,"),") -> (8,'PC-08-GR1','Poste de Coupure n°08 GR1','Monday-01-jj','Monday-01-jj',NULL,1,),
A125: 8 | B125: GR1/GR2/GR4/GR6 | C125: 21 | D125: =CONCATENATE("PC-",TEXT(A125,"00"),"-",M125) -> PC-08-GR2 | E125: =CONCATENATE("Poste de Coupure n°",TEXT(A125,"00")," ",M125) -> Poste de Coupure n°08 GR2 | F125: 36161 | G125: 36161 | H125: NULL | I125: 1 | J125: Block Valve Station | K125: 15 | M125: GR2 | N125: 766+611 / 226 | O125: =VALUE(RIGHT(N125,LEN(N125)-SEARCH("/",N125))) -> 226 | P125: =VALUE(SUBSTITUTE(LEFT(N125,SEARCH("/",N125)-1),"+",",")) -> 766.611 | Q125: Ouargla/ OUARGLA | R125: =CONCATENATE("(",A125,",'",D125,"','",E125,"','",TEXT(F125,"aaaa-mm-jj"),"','",TEXT(G125,"aaaa-mm-jj"),"',",H125,",",I125,",",L125,"),") -> (8,'PC-08-GR2','Poste de Coupure n°08 GR2','Friday-01-jj','Friday-01-jj',NULL,1,),
A126: 9 | B126: GR1/GR2/GR4/GR6 | C126: 21 | D126: =CONCATENATE("PC-",TEXT(A126,"00"),"-",M126) -> PC-09-GR1 | E126: =CONCATENATE("Poste de Coupure n°",TEXT(A126,"00")," ",M126) -> Poste de Coupure n°09 GR1 | F126: 35065 | G126: 35065 | H126: NULL | I126: 1 | J126: Block Valve Station | K126: 15 | M126: GR1 | N126: 867+890 / 400 | O126: =VALUE(RIGHT(N126,LEN(N126)-SEARCH("/",N126))) -> 400 | P126: =VALUE(SUBSTITUTE(LEFT(N126,SEARCH("/",N126)-1),"+",",")) -> 867.89 | Q126: Zelfana / GHARDAIA | R126: =CONCATENATE("(",A126,",'",D126,"','",E126,"','",TEXT(F126,"aaaa-mm-jj"),"','",TEXT(G126,"aaaa-mm-jj"),"',",H126,",",I126,",",L126,"),") -> (9,'PC-09-GR1','Poste de Coupure n°09 GR1','Monday-01-jj','Monday-01-jj',NULL,1,),
A127: 9 | B127: GR1/GR2/GR4/GR6 | C127: 21 | D127: =CONCATENATE("PC-",TEXT(A127,"00"),"-",M127) -> PC-09-GR2 | E127: =CONCATENATE("Poste de Coupure n°",TEXT(A127,"00")," ",M127) -> Poste de Coupure n°09 GR2 | F127: 36161 | G127: 36161 | H127: NULL | I127: 1 | J127: Block Valve Station | K127: 15 | M127: GR2 | N127: 867+890 / 400 | O127: =VALUE(RIGHT(N127,LEN(N127)-SEARCH("/",N127))) -> 400 | P127: =VALUE(SUBSTITUTE(LEFT(N127,SEARCH("/",N127)-1),"+",",")) -> 867.89 | Q127: Zelfana / GHARDAIA | R127: =CONCATENATE("(",A127,",'",D127,"','",E127,"','",TEXT(F127,"aaaa-mm-jj"),"','",TEXT(G127,"aaaa-mm-jj"),"',",H127,",",I127,",",L127,"),") -> (9,'PC-09-GR2','Poste de Coupure n°09 GR2','Friday-01-jj','Friday-01-jj',NULL,1,),
A128: 10 | B128: GR1/GR2/GR4/GR6 | C128: 21 | D128: =CONCATENATE("PC-",TEXT(A128,"00"),"-",M128) -> PC-10-GR1 | E128: =CONCATENATE("Poste de Coupure n°",TEXT(A128,"00")," ",M128) -> Poste de Coupure n°10 GR1 | F128: 35065 | G128: 35065 | H128: NULL | I128: 1 | J128: Block Valve Station | K128: 15 | M128: GR1 | N128: 961+470 / 779 | O128: =VALUE(RIGHT(N128,LEN(N128)-SEARCH("/",N128))) -> 779 | P128: =VALUE(SUBSTITUTE(LEFT(N128,SEARCH("/",N128)-1),"+",",")) -> 961.47 | Q128: Hassi R’mel / GHARDAIA | R128: =CONCATENATE("(",A128,",'",D128,"','",E128,"','",TEXT(F128,"aaaa-mm-jj"),"','",TEXT(G128,"aaaa-mm-jj"),"',",H128,",",I128,",",L128,"),") -> (10,'PC-10-GR1','Poste de Coupure n°10 GR1','Monday-01-jj','Monday-01-jj',NULL,1,),
A129: 10 | B129: GR1/GR2/GR4/GR6 | C129: 21 | D129: =CONCATENATE("PC-",TEXT(A129,"00"),"-",M129) -> PC-10-GR2 | E129: =CONCATENATE("Poste de Coupure n°",TEXT(A129,"00")," ",M129) -> Poste de Coupure n°10 GR2 | F129: 36161 | G129: 36161 | H129: NULL | I129: 1 | J129: Block Valve Station | K129: 15 | M129: GR2 | N129: 961+470 / 779 | O129: =VALUE(RIGHT(N129,LEN(N129)-SEARCH("/",N129))) -> 779 | P129: =VALUE(SUBSTITUTE(LEFT(N129,SEARCH("/",N129)-1),"+",",")) -> 961.47 | Q129: Hassi R’mel / GHARDAIA | R129: =CONCATENATE("(",A129,",'",D129,"','",E129,"','",TEXT(F129,"aaaa-mm-jj"),"','",TEXT(G129,"aaaa-mm-jj"),"',",H129,",",I129,",",L129,"),") -> (10,'PC-10-GR2','Poste de Coupure n°10 GR2','Friday-01-jj','Friday-01-jj',NULL,1,),
A130: 1 | B130: GR5/GR7 | C130: 22 | D130: =CONCATENATE("PC-",TEXT(A130,"00"),"-",M130) -> PC-01-GR5 | E130: =CONCATENATE("Poste de Coupure n°",TEXT(A130,"00")," ",M130) -> Poste de Coupure n°01 GR5 | F130: 42887 | G130: 42887 | H130: NULL | I130: 1 | J130: Block Valve Station | K130: 15 | M130: GR5 | N130: 75 / 406 | O130: =VALUE(RIGHT(N130,LEN(N130)-SEARCH("/",N130))) -> 406 | P130: =VALUE(SUBSTITUTE(LEFT(N130,SEARCH("/",N130)-1),"+",",")) -> 75 | Q130: Tamentit/ADRAR | R130: =CONCATENATE("(",A130,",'",D130,"','",E130,"','",TEXT(F130,"aaaa-mm-jj"),"','",TEXT(G130,"aaaa-mm-jj"),"',",H130,",",I130,",",L130,"),") -> (1,'PC-01-GR5','Poste de Coupure n°01 GR5','Thursday-06-jj','Thursday-06-jj',NULL,1,),
A131: 1 | B131: GR5/GR7 | C131: 22 | D131: =CONCATENATE("PC-",TEXT(A131,"00"),"-",M131) -> PC-01-GR7 | E131: =CONCATENATE("Poste de Coupure n°",TEXT(A131,"00")," ",M131) -> Poste de Coupure n°01 GR7 | F131: 43830 | G131: 43830 | H131: NULL | I131: 1 | J131: Block Valve Station | K131: 15 | M131: GR7 | N131: 115 / 458 | O131: =VALUE(RIGHT(N131,LEN(N131)-SEARCH("/",N131))) -> 458 | P131: =VALUE(SUBSTITUTE(LEFT(N131,SEARCH("/",N131)-1),"+",",")) -> 115 | Q131: El Golea/EL MENEA | R131: =CONCATENATE("(",A131,",'",D131,"','",E131,"','",TEXT(F131,"aaaa-mm-jj"),"','",TEXT(G131,"aaaa-mm-jj"),"',",H131,",",I131,",",L131,"),") -> (1,'PC-01-GR7','Poste de Coupure n°01 GR7','Tuesday-12-jj','Tuesday-12-jj',NULL,1,),
A132: 2 | B132: GR5/GR7 | C132: 22 | D132: =CONCATENATE("PC-",TEXT(A132,"00"),"-",M132) -> PC-02-GR5 | E132: =CONCATENATE("Poste de Coupure n°",TEXT(A132,"00")," ",M132) -> Poste de Coupure n°02 GR5 | F132: 42887 | G132: 42887 | H132: NULL | I132: 1 | J132: Block Valve Station | K132: 15 | M132: GR5 | N132: 195/ 410,5 | O132: =VALUE(RIGHT(N132,LEN(N132)-SEARCH("/",N132))) -> 410.5 | P132: =VALUE(SUBSTITUTE(LEFT(N132,SEARCH("/",N132)-1),"+",",")) -> 195 | Q132: Aougrout/ADRAR | R132: =CONCATENATE("(",A132,",'",D132,"','",E132,"','",TEXT(F132,"aaaa-mm-jj"),"','",TEXT(G132,"aaaa-mm-jj"),"',",H132,",",I132,",",L132,"),") -> (2,'PC-02-GR5','Poste de Coupure n°02 GR5','Thursday-06-jj','Thursday-06-jj',NULL,1,),
A133: 2 | B133: GR5/GR7 | C133: 22 | D133: =CONCATENATE("PC-",TEXT(A133,"00"),"-",M133) -> PC-02-GR7 | E133: =CONCATENATE("Poste de Coupure n°",TEXT(A133,"00")," ",M133) -> Poste de Coupure n°02 GR7 | F133: 43830 | G133: 43830 | H133: NULL | I133: 1 | J133: Block Valve Station | K133: 15 | M133: GR7 | N133: 231 / 536 | O133: =VALUE(RIGHT(N133,LEN(N133)-SEARCH("/",N133))) -> 536 | P133: =VALUE(SUBSTITUTE(LEFT(N133,SEARCH("/",N133)-1),"+",",")) -> 231 | Q133: Mansourah/GHARDAIA | R133: =CONCATENATE("(",A133,",'",D133,"','",E133,"','",TEXT(F133,"aaaa-mm-jj"),"','",TEXT(G133,"aaaa-mm-jj"),"',",H133,",",I133,",",L133,"),") -> (2,'PC-02-GR7','Poste de Coupure n°02 GR7','Tuesday-12-jj','Tuesday-12-jj',NULL,1,),
... A138: 7 | B138: GR5/GR7 | C138: 22 | D138: =CONCATENATE("PC-",TEXT(A138,"00"),"-",M138) -> PC-07-GR5 | E138: =CONCATENATE("Poste de Coupure n°",TEXT(A138,"00")," ",M138) -> Poste de Coupure n°07 GR5 | F138: 42887 | G138: 42887 | H138: NULL | I138: 1 | J138: Block Valve Station | K138: 15 | M138: GR5 | N138: 762+590 / 763 | O138: =VALUE(RIGHT(N138,LEN(N138)-SEARCH("/",N138))) -> 763 | P138: =VALUE(SUBSTITUTE(LEFT(N138,SEARCH("/",N138)-1),"+",",")) -> 762.59 | Q138: Hassi R’mel/GHARDAIA | R138: =CONCATENATE("(",A138,",'",D138,"','",E138,"','",TEXT(F138,"aaaa-mm-jj"),"','",TEXT(G138,"aaaa-mm-jj"),"',",H138,",",I138,",",L138,"),") -> (7,'PC-07-GR5','Poste de Coupure n°07 GR5','Thursday-06-jj','Thursday-06-jj',NULL,1,),

Sheet 02-03-PS
A1: Id | B1: System | C1: SystemId | D1: Code | E1: Name | F1: Installing | G1: Commissioning | H1: Decommissioning | I1: Status | J1: StationType | K1: StTypeId | L1: Structure | M1: Pipeline | R1: SQL Insert Request
A2: F_00 | D2: F_01 | E2: F_02 | F2: F_03 | G2: F_04 | H2: F_05 | I2: F_06 | L2: F_07 | R2: INSERT INTO T_02_03_01 (F_00, F_01, F_02, F_03, F_04, F_05, F_06, F_07) VALUES
A3: 1 | B3: OZ1/OZ2 | C3: 1 | D3: =CONCATENATE("PS-",TEXT(A3,"00"),"-",M3) -> PS-01-OZ1 | E3: =CONCATENATE("Poste de Sectionnement n°",TEXT(A3,"00")," ",M3) -> Poste de Sectionnement n°01 OZ1 | F3: 24053 | G3: 24053 | H3: NULL | I3: 1 | J3: Sectionalizing Station | K3: 16 | M3: OZ1 | N3: 0+000 / 150 | O3: =VALUE(RIGHT(N3,LEN(N3)-SEARCH("/",N3))) -> 150 | P3: =VALUE(SUBSTITUTE(LEFT(N3,SEARCH("/",N3)-1),"+",",")) -> 0 | Q3: HMD / OUARGLA | R3: =CONCATENATE("(",A3,",'",D3,"','",E3,"','",TEXT(F3,"aaaa-mm-jj"),"','",TEXT(G3,"aaaa-mm-jj"),"',",H3,",",I3,",",L3,"),") -> (1,'PS-01-OZ1','Poste de Sectionnement n°01 OZ1','Sunday-11-jj','Sunday-11-jj',NULL,1,),
A4: 2 | B4: OZ1/OZ2 | C4: 1 | D4: =CONCATENATE("PS-",TEXT(A4,"00"),"-",M4) -> PS-02-OZ1 | E4: =CONCATENATE("Poste de Sectionnement n°",TEXT(A4,"00")," ",M4) -> Poste de Sectionnement n°02 OZ1 | F4: 24053 | G4: 24053 | H4: NULL | I4: 1 | J4: Sectionalizing Station | K4: 16 | M4: OZ1 | N4: 44+200 / 150 | O4: =VALUE(RIGHT(N4,LEN(N4)-SEARCH("/",N4))) -> 150 | P4: =VALUE(SUBSTITUTE(LEFT(N4,SEARCH("/",N4)-1),"+",",")) -> 44.2 | Q4: Ain Beida / OUARGLA | R4: =CONCATENATE("(",A4,",'",D4,"','",E4,"','",TEXT(F4,"aaaa-mm-jj"),"','",TEXT(G4,"aaaa-mm-jj"),"',",H4,",",I4,",",L4,"),") -> (2,'PS-02-OZ1','Poste de Sectionnement n°02 OZ1','Sunday-11-jj','Sunday-11-jj',NULL,1,),
A5: 3 | B5: OZ1/OZ2 | C5: 1 | D5: =CONCATENATE("PS-",TEXT(A5,"00"),"-",M5) -> PS-03-OZ1 | E5: =CONCATENATE("Poste de Sectionnement n°",TEXT(A5,"00")," ",M5) -> Poste de Sectionnement n°03 OZ1 | F5: 24053 | G5: 24053 | H5: NULL | I5: 1 | J5: Sectionalizing Station | K5: 16 | M5: OZ1 | N5: 72+000/ 210 | O5: =VALUE(RIGHT(N5,LEN(N5)-SEARCH("/",N5))) -> 210 | P5: =VALUE(SUBSTITUTE(LEFT(N5,SEARCH("/",N5)-1),"+",",")) -> 72 | Q5: OUARGLA | R5: =CONCATENATE("(",A5,",'",D5,"','",E5,"','",TEXT(F5,"aaaa-mm-jj"),"','",TEXT(G5,"aaaa-mm-jj"),"',",H5,",",I5,",",L5,"),") -> (3,'PS-03-OZ1','Poste de Sectionnement n°03 OZ1','Sunday-11-jj','Sunday-11-jj',NULL,1,),
A6: 4 | B6: OZ1/OZ2 | C6: 1 | D6: =CONCATENATE("PS-",TEXT(A6,"00"),"-",M6) -> PS-04-OZ1 | E6: =CONCATENATE("Poste de Sectionnement n°",TEXT(A6,"00")," ",M6) -> Poste de Sectionnement n°04 OZ1 | F6: 24053 | G6: 24053 | H6: NULL | I6: 1 | J6: Sectionalizing Station | K6: 16 | M6: OZ1 | N6: 145+473 / 295 | O6: =VALUE(RIGHT(N6,LEN(N6)-SEARCH("/",N6))) -> 295 | P6: =VALUE(SUBSTITUTE(LEFT(N6,SEARCH("/",N6)-1),"+",",")) -> 145.473 | Q6: Ouargla / OUARGLA | R6: =CONCATENATE("(",A6,",'",D6,"','",E6,"','",TEXT(F6,"aaaa-mm-jj"),"','",TEXT(G6,"aaaa-mm-jj"),"',",H6,",",I6,",",L6,"),") -> (4,'PS-04-OZ1','Poste de Sectionnement n°04 OZ1','Sunday-11-jj','Sunday-11-jj',NULL,1,),
A7: 5 | B7: OZ1/OZ2 | C7: 1 | D7: =CONCATENATE("PS-",TEXT(A7,"00"),"-",M7) -> PS-05-OZ1 | E7: =CONCATENATE("Poste de Sectionnement n°",TEXT(A7,"00")," ",M7) -> Poste de Sectionnement n°05 OZ1 | F7: 24053 | G7: 24053 | H7: NULL | I7: 1 | J7: Sectionalizing Station | K7: 16 | M7: OZ1 | N7: 184+200 / 365 | O7: =VALUE(RIGHT(N7,LEN(N7)-SEARCH("/",N7))) -> 365 | P7: =VALUE(SUBSTITUTE(LEFT(N7,SEARCH("/",N7)-1),"+",",")) -> 184.2 | Q7: Zelfana / GHARDAIA | R7: =CONCATENATE("(",A7,",'",D7,"','",E7,"','",TEXT(F7,"aaaa-mm-jj"),"','",TEXT(G7,"aaaa-mm-jj"),"',",H7,",",I7,",",L7,"),") -> (5,'PS-05-OZ1','Poste de Sectionnement n°05 OZ1','Sunday-11-jj','Sunday-11-jj',NULL,1,),
